law_type,category,month_idx,month_name,current_month,ytd,same_month_prev_year,prev_month
IPC,"Murder (Sec.302/303 IPC/103,104 BNS)",1,January,31,31,28,32
IPC,ATTEMPT TO MURDER (Sec. 307 IPC/109BNS),1,January,295,295,209,251
IPC,CULPABLE HOMICIDE NOT AMOUNTING TO MUDER (Sec.304 IPC/105 BNS),1,January,7,7,13,8
IPC,ATTEMPT TO CULPABLE HOMICIDE NOT AMOUNTING TO MURDER (Sec. 308 IPC/110 BNS),1,January,5,5,6,2
IPC,"RAPE (Sec.376, 376(A) to 376 (D) IPC/64 TO 71 BNS)",1,January,65,65,53,58
IPC,"KIDNAPPING AND ABDUCTION (Sec.360, 361, 363 to 369 IPC/137(1)(A),137(1)(B),137(2),140 TO 142,97 BNS)",1,January,376,376,353,333
IPC,"DACOITY (Sec. 395 to 398 IPC/310(2),310(4),311,312 BNS)",1,January,20,20,28,18
IPC,"Robbery (Sec.392 to 394 IPC/309(4),309(5),309(6) BNS)",1,January,98,98,174,92
IPC,"BURGLARY - NIGHT (Sec. 380 IPC R/W 453 TO 460, 462 IPC/305,R/W 331(1) TO 331(8),334(2) BNS)",1,January,316,316,415,336
IPC,"BURGLARY - DAY (Sec. 380 IPC R/W 453 TO 460, 462 IPC/305,R/W 331(1) TO 331(8), 334(2) BNS)",1,January,94,94,101,94
IPC,THEFT (Sec.379 to 389 IPC/303(2) TO 308(7) BNS),1,January,1837,1837,1942,1891
IPC,"RIOTS (Sec.141 to 153 IPC/189(1) TO 189(6),191(1)TO 191(3), 190,192,195 BNS))",1,January,260,260,301,247
IPC,"OFFENCES AGAINST STATE (Sec. 121 to 130, except 124(A) IPC/147 TO 158 BNS)",1,January,0,0,0,0
IPC,"OFFENCES PROMOTING ENEMITY (Sec. 153(A), 154(B) & 505 IPC/196, 197 & 353 BNS",1,January,3,3,16,8
IPC,CRIMINAL BREACH OF TRUST (Sec. 406 to 409 IPC/316(2) to 316(5) BNS),1,January,52,52,50,57
IPC,"CHEATING (Sec.417 to 420 IPC/318(2)to 318(4), 319(2) BNS)",1,January,515,515,625,557
IPC,"COUNTERFEITING (Sec. 231 to 263 (A), 489(A) to 489 (E) IPC/178 TO 185 BNS)",1,January,4,4,3,1
IPC,"FORGERY (Sec. 465, 468, 471, 473, 476, 477 & 477(A) IPC/336(2),336(3),340(2),341(2),342(2),343,
344 BNS)",1,January,59,59,43,55
IPC,"CASES OF HURT (Sec. 323 to 335 IPC except 328, 332, 333/115(2) TO 122(2) EXCEPT 121(1),121(2) BNS)",1,January,1314,1314,1387,1300
IPC,"ADULTERATION (Sec. 272, 273 to 276 IPC/274,275 TO 278 BNS)",1,January,2,2,0,0
IPC,AFFRAY (Sec. 160 IPC/194(2) BNS),1,January,47,47,39,34
IPC,"ARSON (Sec. 435, 436, 438 IPC/326(f),326(g),327(g) BNS)",1,January,17,17,17,15
IPC,"ASSAULT (Sec 356, 357 IPC/134,135 BNS)",1,January,3,3,5,0
IPC,COMMUNAL / RELIGION (Sec. 295 to 297 IPC/298 TO 301 BNS),1,January,21,21,57,28
IPC,"CRIMINAL CONSPIRACY (Sec. 120(B), 121(A) IPC/61(2),148 BNS)",1,January,1,1,0,0
IPC,CRIMINAL INTIMIDATION (Sec. 504 to 508 IPC/352 TO 354 BNS),1,January,226,226,211,224
IPC,"CRIMINAL MISAPPROPRIATION (Sec. 403, 404 IPC/314,315 BNS)",1,January,2,2,1,3
IPC,CRIMINAL TRESPASS (Sec.447 to 452 IPC/329(3) TO 333 BNS),1,January,489,489,444,426
IPC,DOWRY DEATHS (Sec.304(B) IPC/80 BNS),1,January,11,11,5,6
IPC,DEATHS DUE TO RASHNESS/NEGLIGENCE (Sec.304(A) IPC/106 BNS),1,January,17,17,28,35
IPC,MOTOR VEHICLE ACCIDENTS FATAL (Sec.304(A) IPC/106 BNS),1,January,935,935,1071,1066
IPC,"MOTOR VEHICLE ACCIDENTS NON-FATAL (Sec.279, 337, 338 IPC/281,125(a),125(b) BNS)",1,January,2926,2926,2714,2782
IPC,"DEATHS-MISCARRIAGE (Sec.312, 313, 314 IPC/88,89,90 BNS)",1,January,0,0,3,1
IPC,"DEFENCE FORCES OFFENCES RELATING (also relating to desertion) (Sec.131 to 140, except 136 IPC/159 TO 168 EXCEPT 164 BNS)",1,January,0,0,1,0
IPC,"ESCAPE FROM LAWFUL CUSTODY AND RESISTANCE (Sec.224, 225, 225(B) IPC/262,263,265 BNS)",1,January,3,3,3,1
IPC,"IMPERSONATION (Sec.170, 171 IPC/204,205 BNS)",1,January,0,0,0,0
IPC,"MISCHIEF (Sec.427 to 440 except 434, 435, 436, 438 IPC/324(4) TO 324(6) BNS)",1,January,28,28,45,33
IPC,MOLESTATION (Sec.354 IPC/74 BNS),1,January,457,457,533,423
IPC,POISONING-PROFESSIONAL (Sec. 328 IPC/123 BNS),1,January,2,2,1,2
IPC,PORNOGRAPHY (Sec.292 to 294 IPC/294 TO 296 BNS),1,January,1,1,0,0
IPC,PUBLIC JUSTICE (Sec.213 to 215 IPC/250 TO 252 BNS),1,January,1,1,1,0
IPC,"PUBLIC NUISANCE (Sec.291 and 510 IPC/293,355 BNS)",1,January,7,7,9,13
IPC,"PUBLIC SAFETY (Sec.269 to 271, 277, 283, 289 IPC/271 to 273, 279,285,291 BNS)",1,January,203,203,265,242
IPC,"OFFENCES AGAINST PUBLIC SERVANTS (Public servant is a victim) (Sec 182-188, 332, 333, 353 IPC/217-223,121(1),121(2), 132 BNS)",1,January,101,101,84,89
IPC,"OFFENCES BY PUBLIC SERVANTS (EXCEPT CORRUPTION) (Public servant is accused) (Sec.128, 129, 167, 218, 221, 222 IPC/156,157,201,256,259,260 BNS)",1,January,1,1,1,0
IPC,"NEGLIGENT ACT (Sec.280 to 289, 336 to 338 except 283 IPC/282 to 291,125 to 125(b) except 285 BNS)",1,January,221,221,166,310
IPC,RECEIVING OF STOLEN PROPERTY (Sec.411 to 414 IPC/317(2) TO 317(5) BNS),1,January,1,1,0,0
IPC,SEDITION (Sec. 124A IPC/IN BNS Deleted),1,January,0,0,0,0
IPC,INSULTING MODESTY OF WOMEN (EVE TEASING) (Sec.509 IPC/79 BNS),1,January,33,33,6,20
IPC,"SUICIDE (Sec.305, 306, 309 IPC/107,108 BNS)",1,January,72,72,55,65
IPC,UNNATURAL SEX (Sec.377 IPC/IN BNS Deleted),1,January,0,0,0,1
IPC,"WRONGFUL RESTRAINT/CONFINEMENT (Sec.341 to 348 IPC/126(2),127(2)-127(8) BNS)",1,January,40,40,26,41
IPC,"INFANTICIDE (Sec.315, 316 IPC/91,92 BNS)",1,January,1,1,0,0
IPC,"OFFENCES RELATED TO MARRIAGE (Sec.493 to 498 IPC/81,84 BNS)",1,January,4,4,4,5
IPC,"BUYING & SELLING MINOR FOR PROSTITUTION (Sec.372, 373 IPC/98,99 BNS)",1,January,0,0,0,0
IPC,DOCUMENTS & PROPERTY MARKS (Sec.483 to 489 IPC/346-350(2) BNS),1,January,0,0,0,0
IPC,DEFAMATION (Sec.500 to 502 IPC/350(2)-356(4) BNS),1,January,0,0,4,1
IPC,ELECTION(Sec.171(E) to 171(1) IPC/173-177 BNS),1,January,0,0,0,1
IPC,"SLAVERY (Sec.370, 371, 374 IPC/143,145,146 BNS)",1,January,0,0,0,0
IPC,Attempting to commit offences (Sec.511 IPC/62 BNS),1,January,14,14,18,18
IPC,ILLEGAL DETENTION (Sec.342 IPC/127(2) BNS),1,January,0,0,0,0
IPC,FALSE EVIDENCE (Sec.191 to 205 IPC/227-242 BNS),1,January,1,1,0,1
IPC,EXPOSURE AND ABANDONMENT OF CHILD (Sec.317 IPC/93 BNS),1,January,5,5,5,9
IPC,OF ABETMENT (Sec.107 to 120 IPC/45-60 BNS),1,January,2,2,0,0
IPC,"FAILURE TO APPEAR TO COURT (Sec.174A, 229A IPC/209,269 BNS)",1,January,99,99,39,194
IPC,Concealment of birth by secret disposal of Child,1,January,3,3,3,8
IPC,ASSAULT OR USE OF CRIMINAL FORCE TO DISROBE WOMEN,1,January,1,1,1,3
IPC,Disobedience to Order Promulgated by Public/Servant,1,January,3,3,0,1
IPC,Human Trafficking,1,January,3,3,2,1
IPC,Aadhaar Act,1,January,0,0,0,0
IPC,Giving false information respecting an offence committed,1,January,0,0,0,0
SLL,ANTIQUES (CULTURAL PROPERTY),1,January,3,3,0,5
SLL,ARMS ACT 1959,1,January,1,1,1,1
SLL,ARMS ACT 1960,1,January,14,14,7,8
SLL,ARMS ACT 1961,1,January,0,0,0,0
SLL,ARMS ACT 1962,1,January,8,8,5,3
SLL,ARMS ACT 1963,1,January,1,1,0,0
SLL,ARMS ACT 1964,1,January,3,3,7,1
SLL,ARMS ACT 1965,1,January,1,1,0,1
SLL,ARMS ACT 1966,1,January,7,7,3,3
SLL,ANIMAL,1,January,31,31,21,33
SLL,CINEMATOGRAPHY ACT 1952,1,January,0,0,0,0
SLL,CINEMATOGRAPHY ACT 1953,1,January,0,0,0,0
SLL,CONSUMER,1,January,39,39,46,21
SLL,COPY RIGHT ACT 1957,1,January,20,20,13,9
SLL,COPY RIGHT ACT 1958,1,January,9,9,12,5
SLL,CIVIL RIGHTS,1,January,0,0,0,1
SLL,SCHEDULED CASTE AND THE SCHEDULED TRIBES,1,January,172,172,200,172
SLL,CHILDREN ACT,1,January,33,33,30,26
SLL,PREVENTION OF CORRUPTION ACT 1988,1,January,0,0,0,0
SLL,PREVENTION OF CORRUPTION ACT 1989,1,January,0,0,0,0
SLL,PREVENTION OF CORRUPTION ACT 1990,1,January,0,0,0,0
SLL,PREVENTION OF CORRUPTION ACT 1991,1,January,0,0,0,0
SLL,PREVENTION OF CORRUPTION ACT 1992,1,January,0,0,0,0
SLL,PREVENTION OF CORRUPTION ACT 1993,1,January,0,0,0,0
SLL,PREVENTION OF CORRUPTION ACT 1994,1,January,0,0,0,0
SLL,PREVENTION OF CORRUPTION ACT 1995,1,January,0,0,0,0
SLL,CUSTOMS,1,January,0,0,0,0
SLL,Explosives,1,January,11,11,10,6
SLL,FOREIGN EXCHANGE,1,January,0,0,0,0
SLL,FOREIGNER,1,January,3,3,0,3
SLL,FOREST,1,January,2,2,0,0
SLL,HIJACKING,1,January,0,0,0,0
SLL,IMMORAL TRAFFIC,1,January,30,30,32,19
SLL,BONDED LABOUR SYSTEM,1,January,1,1,0,0
SLL,INDIAN MOTOR VEHICLE,1,January,7,7,1,2
SLL,NARCOTIC DRUGS & PSYCHOTROPIC SUBSTANCES ACT,1,January,428,428,282,652
SLL,REPRESENTATIVE OF PEOPLE ACT 1951 & 1988,1,January,0,0,0,0
SLL,REPRESENTATIVE OF PEOPLE ACT 1951 & 1989,1,January,0,0,0,0
SLL,REPRESENTATIVE OF PEOPLE ACT 1951 & 1990,1,January,0,0,0,0
SLL,KARNATAKA POLICE ACT 1963,1,January,494,494,466,1039
SLL,KARNATAKA POLICE ACT 1964,1,January,481,481,481,486
SLL,KARNATAKA POLICE ACT 1965,1,January,21,21,13,20
SLL,KARNATAKA POLICE ACT 1966,1,January,22,22,12,16
SLL,KARNATAKA POLICE ACT 1967,1,January,64,64,56,23
SLL,PREVENTION OF DAMAGE TO PUBLIC PROPERTY ACT 1984,1,January,7,7,11,9
SLL,"POST & TELEGRAPH, TELEGRAPH WIRES (UNLAWFUL POSSESSION) ACT 1980",1,January,0,0,0,0
SLL,OFFICIAL SECURITY RELATED ACTS,1,January,0,0,0,0
SLL,PREVENTION OF TERRORISM ACT (POTA),1,January,0,0,0,0
SLL,RAILWAYS ACT,1,January,0,0,0,0
SLL,UNLAWFUL ACTIVITIES (Prevention) Act 1967,1,January,0,0,0,0
SLL,CRIMES RELATED TO WOMEN,1,January,119,119,223,151
SLL,INDIAN LUNACY ACT,1,January,0,0,0,0
SLL,INDIAN ELECTRICITY ACT,1,January,1,1,0,1
SLL,"COTPA, CIGARETTES AND OTHER TOBACCO PRODUCTS",1,January,90,90,43,208
SLL,KARNATAKA STATE LOCAL ACTS,1,January,745,745,506,1597
SLL,CYBER CRIME (INFORMATION TECHNOLOGY ACT),1,January,1401,1401,1948,1520
SLL,NATIONAL SECURITY ACT,1,January,0,0,0,0
SLL,POCSO,1,January,304,304,348,319
WOMEN,Rape (Sec. 376 IPC),1,January,65,65,53,58
WOMEN,Outraging modesty (Molestation) (sec.354 IPC),1,January,457,457,533,423
WOMEN,Kidnapping & Abduction of Women: (Sec.366 IPC),1,January,7,7,9,7
WOMEN,Insulting modesty (Eve-Teasing) (Sec.294 & 509 IPC if victim is a woman),1,January,33,33,6,20
WOMEN,Murder for Dowry - by burning (Sec.302 IPC),1,January,0,0,0,0
WOMEN,"Murder for Dowry - by other means
(Sec.302 IPC)",1,January,0,0,0,1
WOMEN,Murder for other reasons,1,January,34,34,28,32
WOMEN,Attempt to Commit Murder for dowry by burning (Sec.307 IPC),1,January,0,0,0,0
WOMEN,Attempt to Commit Murder for dowry by other means (Sec.307 IPC),1,January,1,1,7,1
WOMEN,Attempt to Commit murder for other reasons,1,January,101,101,51,61
WOMEN,"Dowry Death-by burning
(Sec.304-B IPC)",1,January,0,0,0,0
WOMEN,Dowry Death-by other Means (Sec.304(B) IPC),1,January,11,11,5,6
WOMEN,Cruelty by Husband or Relatives of Husband (Sec.498-A IPC),1,January,252,252,224,212
WOMEN,Abetment of Suicide (Sec.306 IPC),1,January,15,15,12,10
WOMEN,Immoral Traffic (prevention) Act.,1,January,30,30,32,19
WOMEN,Indecent Representation of Women(Prohibition) Act-1986,1,January,0,0,0,0
WOMEN,Pornography,1,January,0,0,0,0
WOMEN,Offences against Public Servants (Sec.182-188-333-353 IPC),1,January,6,6,8,8
WOMEN,Offences related to Marriage,1,January,4,4,4,4
WOMEN,Cyber Crimes,1,January,397,397,619,530
CHILDREN,"Infanticide/ Foeticide 
(Sec. 315 & 316 IPC)",1,January,1,1,0,0
CHILDREN,Rape on Minor,1,January,0,0,0,0
CHILDREN,Exposure & abandonment (Sec. 317 IPC),1,January,5,5,5,9
CHILDREN,Kidnapping & Abduction of Children,1,January,351,351,324,308
CHILDREN,For Ransom - of Children,1,January,3,3,0,1
CHILDREN,of Children - for begging,1,January,0,0,0,0
CHILDREN,of Girls - Immoral Purpose,1,January,0,0,0,0
CHILDREN,With intent to Steal from Child,1,January,0,0,0,0
CHILDREN,Lawful Guardianship,1,January,0,0,0,0
CHILDREN,Procuration of Minor Girls - For Prostitution,1,January,0,0,0,0
CHILDREN,Procuration of Minor Girls - Importing of Girl,1,January,0,0,0,0
CHILDREN,Procuration of Minor Girls - For Other Purposes,1,January,3,3,1,2
CHILDREN,Selling of girls for Prostitution (Sec.372 IPC),1,January,0,0,0,0
CHILDREN,The Prohibition of Child Marriage Act - 2006,1,January,11,11,8,10
CHILDREN,POCSO Act,1,January,304,304,348,319
CHILDREN,Death of Children due to miscarriage,1,January,0,0,3,1
CHILDREN,Juvenile Justice Act,1,January,12,12,9,13
CHILDREN,Child Labour (Pro.& Reg.) Act,1,January,10,10,13,3
CHILDREN,Probation of Offenders Act,1,January,0,0,0,0
SCST,Murder,1,January,6,6,11,11
SCST,Rape,1,January,8,8,6,10
SCST,Kidnapping,1,January,4,4,4,1
SCST,Offences under the Protection of Civil Rights Act.,1,January,0,0,0,2
SCST,Offences under the SC & ST  (prevention of Atrocities)Act 1989 (if the victim is SC),1,January,154,154,179,148
IPC,"Murder (Sec.302/303 IPC/103,104 BNS)",2,February,101,202,119,101
IPC,ATTEMPT TO MURDER (Sec. 307 IPC/109BNS),2,February,259,548,224,289
IPC,CULPABLE HOMICIDE NOT AMOUNTING TO MUDER (Sec.304 IPC/105 BNS),2,February,11,19,15,8
IPC,ATTEMPT TO CULPABLE HOMICIDE NOT AMOUNTING TO MURDER (Sec. 308 IPC/110 BNS),2,February,3,8,5,5
IPC,"RAPE (Sec.376, 376(A) to 376 (D) IPC/64 TO 71 BNS)",2,February,77,142,58,65
IPC,"KIDNAPPING AND ABDUCTION (Sec.360, 361, 363 to 369 IPC/137(1)(A),137(1)(B),137(2),140 TO 142,97 BNS)",2,February,388,719,342,331
IPC,"DACOITY (Sec. 395 to 398 IPC/310(2),310(4),311,312 BNS)",2,February,18,38,27,20
IPC,"Robbery (Sec.392 to 394 IPC/309(4),309(5),309(6) BNS)",2,February,79,176,171,97
IPC,"BURGLARY - NIGHT (Sec. 380 IPC R/W 453 TO 460, 462 IPC/305,R/W 331(1) TO 331(8),334(2) BNS)",2,February,312,627,354,315
IPC,"BURGLARY - DAY (Sec. 380 IPC R/W 453 TO 460, 462 IPC/305,R/W 331(1) TO 331(8), 334(2) BNS)",2,February,73,167,99,94
IPC,THEFT (Sec.379 to 389 IPC/303(2) TO 308(7) BNS),2,February,1644,3481,2006,1837
IPC,"RIOTS (Sec.141 to 153 IPC/189(1) TO 189(6),191(1)TO 191(3), 190,192,195 BNS))",2,February,271,534,289,263
IPC,"OFFENCES AGAINST STATE (Sec. 121 to 130, except 124(A) IPC/147 TO 158 BNS)",2,February,0,0,0,0
IPC,"OFFENCES PROMOTING ENEMITY (Sec. 153(A), 154(B) & 505 IPC/196, 197 & 353 BNS",2,February,6,9,8,3
IPC,CRIMINAL BREACH OF TRUST (Sec. 406 to 409 IPC/316(2) to 316(5) BNS),2,February,60,112,55,52
IPC,"CHEATING (Sec.417 to 420 IPC/318(2)to 318(4), 319(2) BNS)",2,February,457,972,606,515
IPC,"COUNTERFEITING (Sec. 231 to 263 (A), 489(A) to 489 (E) IPC/178 TO 185 BNS)",2,February,0,4,4,4
IPC,"FORGERY (Sec. 465, 468, 471, 473, 476, 477 & 477(A) IPC/336(2),336(3),340(2),341(2),342(2),343,
344 BNS)",2,February,49,108,48,59
IPC,"CASES OF HURT (Sec. 323 to 335 IPC except 328, 332, 333/115(2) TO 122(2) EXCEPT 121(1),121(2) BNS)",2,February,1202,2508,1478,1306
IPC,"ADULTERATION (Sec. 272, 273 to 276 IPC/274,275 TO 278 BNS)",2,February,3,5,0,2
IPC,AFFRAY (Sec. 160 IPC/194(2) BNS),2,February,0,0,0,0
IPC,"ARSON (Sec. 435, 436, 438 IPC/326(f),326(g),327(g) BNS)",2,February,31,48,34,17
IPC,"ASSAULT (Sec 356, 357 IPC/134,135 BNS)",2,February,2,5,6,3
IPC,COMMUNAL / RELIGION (Sec. 295 to 297 IPC/298 TO 301 BNS),2,February,20,42,32,22
IPC,"CRIMINAL CONSPIRACY (Sec. 120(B), 121(A) IPC/61(2),148 BNS)",2,February,3,4,0,1
IPC,CRIMINAL INTIMIDATION (Sec. 504 to 508 IPC/352 TO 354 BNS),2,February,244,475,197,231
IPC,"CRIMINAL MISAPPROPRIATION (Sec. 403, 404 IPC/314,315 BNS)",2,February,0,2,2,2
IPC,CRIMINAL TRESPASS (Sec.447 to 452 IPC/329(3) TO 333 BNS),2,February,223,462,219,239
IPC,CRUELTY BY HUSBAND (Sec. 498(A) IPC/85 BNS),2,February,217,455,286,238
IPC,DOWRY DEATHS (Sec.304(B) IPC/80 BNS),2,February,9,20,14,11
IPC,DEATHS DUE TO RASHNESS/NEGLIGENCE (Sec.304(A) IPC/106 BNS),2,February,20,37,27,17
IPC,MOTOR VEHICLE ACCIDENTS FATAL (Sec.304(A) IPC/106 BNS),2,February,930,1943,1042,1013
IPC,"MOTOR VEHICLE ACCIDENTS NON-FATAL (Sec.279, 337, 338 IPC/281,125(a),125(b) BNS)",2,February,2628,5481,2747,2853
IPC,"DEATHS-MISCARRIAGE (Sec.312, 313, 314 IPC/88,89,90 BNS)",2,February,0,0,4,0
IPC,"DEFENCE FORCES OFFENCES RELATING (also relating to desertion) (Sec.131 to 140, except 136 IPC/159 TO 168 EXCEPT 164 BNS)",2,February,0,0,0,0
IPC,"ESCAPE FROM LAWFUL CUSTODY AND RESISTANCE (Sec.224, 225, 225(B) IPC/262,263,265 BNS)",2,February,1,4,7,3
IPC,"IMPERSONATION (Sec.170, 171 IPC/204,205 BNS)",2,February,2,2,2,0
IPC,"MISCHIEF (Sec.427 to 440 except 434, 435, 436, 438 IPC/324(4) TO 324(6) BNS)",2,February,47,76,36,29
IPC,MOLESTATION (Sec.354 IPC/74 BNS),2,February,446,900,546,454
IPC,POISONING-PROFESSIONAL (Sec. 328 IPC/123 BNS),2,February,2,4,1,2
IPC,PORNOGRAPHY (Sec.292 to 294 IPC/294 TO 296 BNS),2,February,1,2,1,1
IPC,PUBLIC JUSTICE (Sec.213 to 215 IPC/250 TO 252 BNS),2,February,0,1,1,1
IPC,"PUBLIC NUISANCE (Sec.291 and 510 IPC/293,355 BNS)",2,February,10,17,10,7
IPC,"PUBLIC SAFETY (Sec.269 to 271, 277, 283, 289 IPC/271 to 273, 279,285,291 BNS)",2,February,311,514,429,203
IPC,"OFFENCES AGAINST PUBLIC SERVANTS (Public servant is a victim) (Sec 182-188, 332, 333, 353 IPC/217-223,121(1),121(2), 132 BNS)",2,February,104,206,89,102
IPC,"OFFENCES BY PUBLIC SERVANTS (EXCEPT CORRUPTION) (Public servant is accused) (Sec.128, 129, 167, 218, 221, 222 IPC/156,157,201,256,259,260 BNS)",2,February,0,1,2,1
IPC,"NEGLIGENT ACT (Sec.280 to 289, 336 to 338 except 283 IPC/282 to 291,125 to 125(b) except 285 BNS)",2,February,221,444,310,223
IPC,RECEIVING OF STOLEN PROPERTY (Sec.411 to 414 IPC/317(2) TO 317(5) BNS),2,February,0,1,0,1
IPC,SEDITION (Sec. 124A IPC/IN BNS Deleted),2,February,0,0,0,0
IPC,INSULTING MODESTY OF WOMEN (EVE TEASING) (Sec.509 IPC/79 BNS),2,February,46,78,9,32
IPC,"SUICIDE (Sec.305, 306, 309 IPC/107,108 BNS)",2,February,64,136,59,72
IPC,UNNATURAL SEX (Sec.377 IPC/IN BNS Deleted),2,February,0,0,0,0
IPC,"WRONGFUL RESTRAINT/CONFINEMENT (Sec.341 to 348 IPC/126(2),127(2)-127(8) BNS)",2,February,40,81,35,41
IPC,"INFANTICIDE (Sec.315, 316 IPC/91,92 BNS)",2,February,1,2,0,1
IPC,"OFFENCES RELATED TO MARRIAGE (Sec.493 to 498 IPC/81,84 BNS)",2,February,3,7,6,4
IPC,"BUYING & SELLING MINOR FOR PROSTITUTION (Sec.372, 373 IPC/98,99 BNS)",2,February,0,0,0,0
IPC,DOCUMENTS & PROPERTY MARKS (Sec.483 to 489 IPC/346-350(2) BNS),2,February,0,0,0,0
IPC,DEFAMATION (Sec.500 to 502 IPC/350(2)-356(4) BNS),2,February,0,0,1,0
IPC,ELECTION(Sec.171(E) to 171(1) IPC/173-177 BNS),2,February,0,0,4,0
IPC,"SLAVERY (Sec.370, 371, 374 IPC/143,145,146 BNS)",2,February,0,0,0,0
IPC,Attempting to commit offences (Sec.511 IPC/62 BNS),2,February,21,34,20,13
IPC,ILLEGAL DETENTION (Sec.342 IPC/127(2) BNS),2,February,1,1,0,0
IPC,FALSE EVIDENCE (Sec.191 to 205 IPC/227-242 BNS),2,February,0,0,0,0
IPC,EXPOSURE AND ABANDONMENT OF CHILD (Sec.317 IPC/93 BNS),2,February,93,199,48,106
IPC,Concealment of birth by secret disposal of Child,2,February,2,5,3,3
IPC,ASSAULT OR USE OF CRIMINAL FORCE TO DISROBE WOMEN,2,February,0,1,1,1
IPC,Disobedience to Order Promulgated by Public/Servant,2,February,6,14,9,8
IPC,Giving false information respecting an offence committed,2,February,2,2,0,0
SLL,ANTIQUES (CULTURAL PROPERTY),2,February,0,0,0,0
SLL,ARMS ACT 1959,2,February,1,1,2,0
SLL,ARMS ACT 1960,2,February,17,32,7,15
SLL,ARMS ACT 1961,2,February,0,0,0,0
SLL,ARMS ACT 1962,2,February,9,16,1,7
SLL,ARMS ACT 1963,2,February,0,1,0,1
SLL,ARMS ACT 1964,2,February,4,7,1,3
SLL,ARMS ACT 1965,2,February,3,4,0,1
SLL,ARMS ACT 1966,2,February,2,9,1,7
SLL,ANIMAL,2,February,24,55,23,31
SLL,CINEMATOGRAPHY ACT 1952,2,February,0,0,1,0
SLL,CINEMATOGRAPHY ACT 1953,2,February,0,0,0,0
SLL,CONSUMER,2,February,33,72,42,39
SLL,COPY RIGHT ACT 1957,2,February,17,37,10,20
SLL,COPY RIGHT ACT 1958,2,February,7,17,5,10
SLL,CIVIL RIGHTS,2,February,0,0,0,0
SLL,SCHEDULED CASTE AND THE SCHEDULED TRIBES,2,February,183,361,208,178
SLL,CHILDREN ACT,2,February,30,64,21,34
SLL,PREVENTION OF CORRUPTION ACT 1988,2,February,0,0,0,0
SLL,PREVENTION OF CORRUPTION ACT 1989,2,February,0,0,0,0
SLL,PREVENTION OF CORRUPTION ACT 1990,2,February,0,0,0,0
SLL,PREVENTION OF CORRUPTION ACT 1991,2,February,0,0,0,0
SLL,PREVENTION OF CORRUPTION ACT 1992,2,February,0,0,0,0
SLL,PREVENTION OF CORRUPTION ACT 1993,2,February,0,0,0,0
SLL,PREVENTION OF CORRUPTION ACT 1994,2,February,0,0,0,0
SLL,PREVENTION OF CORRUPTION ACT 1995,2,February,0,0,0,0
SLL,CUSTOMS,2,February,0,0,0,0
SLL,Explosives,2,February,6,17,9,11
SLL,FOREIGN EXCHANGE,2,February,0,0,0,0
SLL,FOREIGNER,2,February,2,5,0,3
SLL,FOREST,2,February,0,2,3,2
SLL,HIJACKING,2,February,0,0,0,0
SLL,IMMORAL TRAFFIC,2,February,21,50,28,29
SLL,BONDED LABOUR SYSTEM,2,February,7,9,10,2
SLL,NARCOTIC DRUGS & PSYCHOTROPIC SUBSTANCES ACT,2,February,415,843,275,428
SLL,PASSPORT ACT,2,February,2,2,0,0
SLL,REPRESENTATIVE OF PEOPLE ACT 1951 & 1988,2,February,0,0,0,0
SLL,REPRESENTATIVE OF PEOPLE ACT 1951 & 1989,2,February,0,0,0,0
SLL,REPRESENTATIVE OF PEOPLE ACT 1951 & 1990,2,February,0,0,2,0
SLL,KARNATAKA POLICE ACT 1963,2,February,411,904,511,493
SLL,KARNATAKA POLICE ACT 1964,2,February,464,950,440,486
SLL,KARNATAKA POLICE ACT 1965,2,February,21,42,21,21
SLL,KARNATAKA POLICE ACT 1966,2,February,21,41,4,20
SLL,KARNATAKA POLICE ACT 1967,2,February,59,122,49,63
SLL,PREVENTION OF DAMAGE TO PUBLIC PROPERTY ACT 1984,2,February,9,16,16,7
SLL,"POST & TELEGRAPH, TELEGRAPH WIRES (UNLAWFUL POSSESSION) ACT 1980",2,February,0,0,0,0
SLL,OFFICIAL SECURITY RELATED ACTS,2,February,0,0,0,0
SLL,PREVENTION OF TERRORISM ACT (POTA),2,February,0,0,0,0
SLL,UNLAWFUL ACTIVITIES (Prevention) Act 1967,2,February,0,0,0,0
SLL,CRIMES RELATED TO WOMEN,2,February,107,239,171,132
SLL,INDIAN LUNACY ACT,2,February,0,0,0,0
SLL,INDIAN ELECTRICITY ACT,2,February,2,3,1,1
SLL,"COTPA, CIGARETTES AND OTHER TOBACCO PRODUCTS",2,February,158,248,83,90
SLL,KARNATAKA STATE LOCAL ACTS,2,February,753,1499,529,746
SLL,CYBER CRIME (INFORMATION TECHNOLOGY ACT),2,February,1173,2574,2040,1401
SLL,NATIONAL SECURITY ACT,2,February,0,0,0,0
SLL,POCSO,2,February,264,612,324,348
SLL,Aadhar Act,2,February,0,0,0,0
WOMEN,Rape (Sec. 376 IPC),2,February,77,142,58,55
WOMEN,Outraging modesty (Molestation) (sec.354 IPC),2,February,446,900,546,454
WOMEN,Kidnapping & Abduction of Women: (Sec.366 IPC),2,February,6,12,9,6
WOMEN,Insulting modesty (Eve-Teasing) (Sec.294 & 509 IPC if victim is a woman),2,February,46,78,9,32
WOMEN,Murder for Dowry - by burning (Sec.302 IPC),2,February,0,1,0,1
WOMEN,"Murder for Dowry - by other means
(Sec.302 IPC)",2,February,0,0,0,0
WOMEN,Murder for other reasons,2,February,30,67,33,36
WOMEN,Attempt to Commit Murder for dowry by burning (Sec.307 IPC),2,February,0,0,0,0
WOMEN,Attempt to Commit Murder for dowry by other means (Sec.307 IPC),2,February,5,5,2,0
WOMEN,Attempt to Commit murder for other reasons,2,February,76,178,53,102
WOMEN,"Dowry Death-by burning
(Sec.304-B IPC)",2,February,0,0,0,0
WOMEN,Dowry Death-by other Means (Sec.304(B) IPC),2,February,9,20,14,11
WOMEN,Cruelty by Husband or Relatives of Husband (Sec.498-A IPC),2,February,217,455,286,238
WOMEN,Abetment of Suicide (Sec.306 IPC),2,February,15,29,12,14
WOMEN,Immoral Traffic (prevention) Act.,2,February,21,50,28,29
WOMEN,Indecent Representation of Women(Prohibition) Act-1986,2,February,0,0,0,0
WOMEN,Pornography,2,February,0,0,0,0
WOMEN,Offences against Public Servants (Sec.182-188-333-353 IPC),2,February,15,21,9,6
WOMEN,Offences related to Marriage,2,February,1,5,4,4
WOMEN,Cyber Crimes,2,February,356,754,566,398
CHILDREN,"Infanticide/ Foeticide 
(Sec. 315 & 316 IPC)",2,February,1,2,0,1
CHILDREN,Rape on Minor,2,February,0,0,0,0
CHILDREN,Exposure & abandonment (Sec. 317 IPC),2,February,1,6,5,5
CHILDREN,Kidnapping & Abduction of Children,2,February,344,351,306,306
CHILDREN,For Ransom - of Children,2,February,1,4,3,3
CHILDREN,of Children - for begging,2,February,0,0,0,0
CHILDREN,of Girls - Immoral Purpose,2,February,0,0,0,0
CHILDREN,With intent to Steal from Child,2,February,0,0,0,0
CHILDREN,Lawful Guardianship,2,February,0,0,0,0
CHILDREN,Procuration of Minor Girls - For Prostitution,2,February,0,0,0,0
CHILDREN,Procuration of Minor Girls - Importing of Girl,2,February,0,0,0,0
CHILDREN,Procuration of Minor Girls - For Other Purposes,2,February,2,3,1,1
CHILDREN,Sub Total,2,February,347,358,310,310
CHILDREN,Selling of girls for Prostitution (Sec.372 IPC),2,February,0,0,0,0
CHILDREN,The Prohibition of Child Marriage Act - 2006,2,February,12,23,9,11
CHILDREN,POCSO Act,2,February,264,612,324,348
CHILDREN,Death of Children due to miscarriage,2,February,0,0,4,0
CHILDREN,Juvenile Justice Act,2,February,12,25,8,13
CHILDREN,Child Labour (Pro.& Reg.) Act,2,February,6,16,4,10
CHILDREN,Probation of Offenders Act,2,February,0,0,0,0
SCST,Murder,2,February,5,13,18,8
SCST,Rape,2,February,8,18,8,10
SCST,Kidnapping,2,February,12,23,17,11
SCST,Offences under the Protection of Civil Rights Act.,2,February,0,0,0,0
SCST,Offences under the SC & ST  (prevention of Atrocities)Act 1989 (if the victim is SC),2,February,158,307,165,149
IPC,"Murder (Sec.302/303 IPC/103,104 BNS)",3,March,100,302,105,103
IPC,ATTEMPT TO MURDER (Sec. 307 IPC/109BNS),3,March,308,858,229,258
IPC,CULPABLE HOMICIDE NOT AMOUNTING TO MUDER (Sec.304 IPC/105 BNS),3,March,12,34,11,14
IPC,ATTEMPT TO CULPABLE HOMICIDE NOT AMOUNTING TO MURDER (Sec. 308 IPC/110 BNS),3,March,4,12,4,3
IPC,"RAPE (Sec.376, 376(A) to 376 (D) IPC/64 TO 71 BNS)",3,March,96,238,63,77
IPC,"KIDNAPPING AND ABDUCTION (Sec.360, 361, 363 to 369 IPC/137(1)(A),137(1)(B),137(2),140 TO 142,97 BNS)",3,March,428,1096,323,348
IPC,"DACOITY (Sec. 395 to 398 IPC/310(2),310(4),311,312 BNS)",3,March,15,55,29,18
IPC,"Robbery (Sec.392 to 394 IPC/309(4),309(5),309(6) BNS)",3,March,93,267,179,79
IPC,"BURGLARY - NIGHT (Sec. 380 IPC R/W 453 TO 460, 462 IPC/305,R/W 331(1) TO 331(8),334(2) BNS)",3,March,289,917,320,313
IPC,"BURGLARY - DAY (Sec. 380 IPC R/W 453 TO 460, 462 IPC/305,R/W 331(1) TO 331(8), 334(2) BNS)",3,March,81,248,80,73
IPC,THEFT (Sec.379 to 389 IPC/303(2) TO 308(7) BNS),3,March,1818,5295,2121,1642
IPC,"RIOTS (Sec.141 to 153 IPC/189(1) TO 189(6),191(1)TO 191(3), 190,192,195 BNS))",3,March,295,832,337,277
IPC,"OFFENCES AGAINST STATE (Sec. 121 to 130, except 124(A) IPC/147 TO 158 BNS)",3,March,0,0,0,0
IPC,"OFFENCES PROMOTING ENEMITY (Sec. 153(A), 154(B) & 505 IPC/196, 197 & 353 BNS",3,March,16,25,15,6
IPC,CRIMINAL BREACH OF TRUST (Sec. 406 to 409 IPC/316(2) to 316(5) BNS),3,March,62,174,55,59
IPC,"CHEATING (Sec.417 to 420 IPC/318(2)to 318(4), 319(2) BNS)",3,March,518,1487,578,455
IPC,"COUNTERFEITING (Sec. 231 to 263 (A), 489(A) to 489 (E) IPC/178 TO 185 BNS)",3,March,1,5,4,0
IPC,"FORGERY (Sec. 465, 468, 471, 473, 476, 477 & 477(A) IPC/336(2),336(3),340(2),341(2),342(2),343,
344 BNS)",3,March,59,167,52,49
IPC,"CASES OF HURT (Sec. 323 to 335 IPC except 328, 332, 333/115(2) TO 122(2) EXCEPT 121(1),121(2) BNS)",3,March,1582,4081,1652,1186
IPC,"ADULTERATION (Sec. 272, 273 to 276 IPC/274,275 TO 278 BNS)",3,March,4,9,1,3
IPC,AFFRAY (Sec. 160 IPC/194(2) BNS),3,March,89,175,43,39
IPC,"ARSON (Sec. 435, 436, 438 IPC/326(f),326(g),327(g) BNS)",3,March,19,67,38,31
IPC,"ASSAULT (Sec 356, 357 IPC/134,135 BNS)",3,March,2,7,1,2
IPC,COMMUNAL / RELIGION (Sec. 295 to 297 IPC/298 TO 301 BNS),3,March,21,63,30,20
IPC,"CRIMINAL CONSPIRACY (Sec. 120(B), 121(A) IPC/61(2),148 BNS)",3,March,2,6,8,3
IPC,CRIMINAL INTIMIDATION (Sec. 504 to 508 IPC/352 TO 354 BNS),3,March,246,728,214,249
IPC,"CRIMINAL MISAPPROPRIATION (Sec. 403, 404 IPC/314,315 BNS)",3,March,3,5,2,0
IPC,CRIMINAL TRESPASS (Sec.447 to 452 IPC/329(3) TO 333 BNS),3,March,225,683,204,220
IPC,CRUELTY BY HUSBAND (Sec. 498(A) IPC/85 BNS),3,March,255,704,299,211
IPC,DOWRY DEATHS (Sec.304(B) IPC/80 BNS),3,March,10,31,7,9
IPC,DEATHS DUE TO RASHNESS/NEGLIGENCE (Sec.304(A) IPC/106 BNS),3,March,28,63,30,18
IPC,MOTOR VEHICLE ACCIDENTS FATAL (Sec.304(A) IPC/106 BNS),3,March,904,2932,1004,1000
IPC,"MOTOR VEHICLE ACCIDENTS NON-FATAL (Sec.279, 337, 338 IPC/281,125(a),125(b) BNS)",3,March,2674,8067,2710,2554
IPC,"DEATHS-MISCARRIAGE (Sec.312, 313, 314 IPC/88,89,90 BNS)",3,March,4,4,1,0
IPC,"DEFENCE FORCES OFFENCES RELATING (also relating to desertion) (Sec.131 to 140, except 136 IPC/159 TO 168 EXCEPT 164 BNS)",3,March,0,0,0,0
IPC,"ESCAPE FROM LAWFUL CUSTODY AND RESISTANCE (Sec.224, 225, 225(B) IPC/262,263,265 BNS)",3,March,4,8,1,1
IPC,"IMPERSONATION (Sec.170, 171 IPC/204,205 BNS)",3,March,1,3,0,2
IPC,"MISCHIEF (Sec.427 to 440 except 434, 435, 436, 438 IPC/324(4) TO 324(6) BNS)",3,March,39,114,36,46
IPC,MOLESTATION (Sec.354 IPC/74 BNS),3,March,540,1445,633,449
IPC,POISONING-PROFESSIONAL (Sec. 328 IPC/123 BNS),3,March,1,5,0,2
IPC,PORNOGRAPHY (Sec.292 to 294 IPC/294 TO 296 BNS),3,March,1,3,0,1
IPC,PUBLIC JUSTICE (Sec.213 to 215 IPC/250 TO 252 BNS),3,March,0,1,0,0
IPC,"PUBLIC NUISANCE (Sec.291 and 510 IPC/293,355 BNS)",3,March,14,31,6,10
IPC,"PUBLIC SAFETY (Sec.269 to 271, 277, 283, 289 IPC/271 to 273, 279,285,291 BNS)",3,March,322,838,373,313
IPC,"OFFENCES AGAINST PUBLIC SERVANTS (Public servant is a victim) (Sec 182-188, 332, 333, 353 IPC/217-223,121(1),121(2), 132 BNS)",3,March,117,323,89,104
IPC,"OFFENCES BY PUBLIC SERVANTS (EXCEPT CORRUPTION) (Public servant is accused) (Sec.128, 129, 167, 218, 221, 222 IPC/156,157,201,256,259,260 BNS)",3,March,0,1,1,0
IPC,"NEGLIGENT ACT (Sec.280 to 289, 336 to 338 except 283 IPC/282 to 291,125 to 125(b) except 285 BNS)",3,March,620,1068,219,226
IPC,RECEIVING OF STOLEN PROPERTY (Sec.411 to 414 IPC/317(2) TO 317(5) BNS),3,March,0,1,1,0
IPC,SEDITION (Sec. 124A IPC/IN BNS Deleted),3,March,0,0,0,0
IPC,INSULTING MODESTY OF WOMEN (EVE TEASING) (Sec.509 IPC/79 BNS),3,March,39,114,9,46
IPC,"SUICIDE (Sec.305, 306, 309 IPC/107,108 BNS)",3,March,72,211,72,67
IPC,UNNATURAL SEX (Sec.377 IPC/IN BNS Deleted),3,March,0,0,0,0
IPC,"WRONGFUL RESTRAINT/CONFINEMENT (Sec.341 to 348 IPC/126(2),127(2)-127(8) BNS)",3,March,38,121,35,41
IPC,"INFANTICIDE (Sec.315, 316 IPC/91,92 BNS)",3,March,0,2,0,1
IPC,"OFFENCES RELATED TO MARRIAGE (Sec.493 to 498 IPC/81,84 BNS)",3,March,4,11,2,3
IPC,"BUYING & SELLING MINOR FOR PROSTITUTION (Sec.372, 373 IPC/98,99 BNS)",3,March,0,0,0,0
IPC,DOCUMENTS & PROPERTY MARKS (Sec.483 to 489 IPC/346-350(2) BNS),3,March,0,0,0,0
IPC,DEFAMATION (Sec.500 to 502 IPC/350(2)-356(4) BNS),3,March,1,1,0,0
IPC,ELECTION(Sec.171(E) to 171(1) IPC/173-177 BNS),3,March,0,0,32,0
IPC,"SLAVERY (Sec.370, 371, 374 IPC/143,145,146 BNS)",3,March,1,1,0,0
IPC,Attempting to commit offences (Sec.511 IPC/62 BNS),3,March,22,55,16,20
IPC,ILLEGAL DETENTION (Sec.342 IPC/127(2) BNS),3,March,0,0,0,0
IPC,FALSE EVIDENCE (Sec.191 to 205 IPC/227-242 BNS),3,March,0,1,1,0
IPC,EXPOSURE AND ABANDONMENT OF CHILD (Sec.317 IPC/93 BNS),3,March,10,16,6,1
IPC,OF ABETMENT (Sec.107 to 120 IPC/45-60 BNS),3,March,2,5,1,1
IPC,"FAILURE TO APPEAR TO COURT (Sec.174A, 229A IPC/209,269 BNS)",3,March,98,287,46,90
IPC,Concealment of birth by secret disposal of Child,3,March,8,13,3,2
IPC,ASSAULT OR USE OF CRIMINAL FORCE TO DISROBE WOMEN,3,March,0,1,1,0
IPC,Disobedience to Order Promulgated by Public/Servant,3,March,3,9,4,3
IPC,Human Trafficking,3,March,2,4,0,0
IPC,Giving false information respecting an offence committed,3,March,0,2,0,2
SLL,ANTIQUES (CULTURAL PROPERTY),3,March,0,3,1,0
SLL,ARMS ACT 1959,3,March,0,1,3,1
SLL,ARMS ACT 1960,3,March,9,42,7,18
SLL,ARMS ACT 1961,3,March,1,1,0,0
SLL,ARMS ACT 1962,3,March,16,32,6,9
SLL,ARMS ACT 1963,3,March,2,3,1,0
SLL,ARMS ACT 1964,3,March,1,8,1,4
SLL,ARMS ACT 1965,3,March,0,4,0,3
SLL,ARMS ACT 1966,3,March,6,13,2,2
SLL,ANIMAL,3,March,33,86,33,23
SLL,CINEMATOGRAPHY ACT 1952,3,March,0,0,0,0
SLL,CINEMATOGRAPHY ACT 1953,3,March,0,0,0,0
SLL,CONSUMER,3,March,73,146,67,34
SLL,COPY RIGHT ACT 1957,3,March,12,49,18,17
SLL,COPY RIGHT ACT 1958,3,March,5,22,6,7
SLL,CIVIL RIGHTS,3,March,0,0,0,0
SLL,SCHEDULED CASTE AND THE SCHEDULED TRIBES,3,March,195,558,209,188
SLL,CHILDREN ACT,3,March,48,111,24,30
SLL,PREVENTION OF CORRUPTION ACT 1988,3,March,0,0,0,0
SLL,PREVENTION OF CORRUPTION ACT 1989,3,March,0,0,0,0
SLL,PREVENTION OF CORRUPTION ACT 1990,3,March,0,0,0,0
SLL,PREVENTION OF CORRUPTION ACT 1991,3,March,0,0,0,0
SLL,PREVENTION OF CORRUPTION ACT 1992,3,March,0,0,0,0
SLL,PREVENTION OF CORRUPTION ACT 1993,3,March,0,0,0,0
SLL,PREVENTION OF CORRUPTION ACT 1994,3,March,0,0,0,0
SLL,PREVENTION OF CORRUPTION ACT 1995,3,March,0,0,0,0
SLL,CUSTOMS,3,March,0,0,0,0
SLL,Explosives,3,March,11,29,7,7
SLL,FOREIGN EXCHANGE,3,March,0,0,0,0
SLL,FOREIGNER,3,March,10,16,1,3
SLL,FOREST,3,March,1,3,4,0
SLL,HIJACKING,3,March,0,0,0,0
SLL,IMMORAL TRAFFIC,3,March,31,81,39,21
SLL,BONDED LABOUR SYSTEM,3,March,0,1,0,0
SLL,INDIAN MOTOR VEHICLE,3,March,18,25,3,4
SLL,NARCOTIC DRUGS & PSYCHOTROPIC SUBSTANCES ACT,3,March,433,1276,370,415
SLL,PASSPORT ACT,3,March,0,2,1,2
SLL,REPRESENTATIVE OF PEOPLE ACT 1951 & 1988,3,March,0,0,1,0
SLL,REPRESENTATIVE OF PEOPLE ACT 1951 & 1989,3,March,0,0,9,0
SLL,REPRESENTATIVE OF PEOPLE ACT 1951 & 1990,3,March,0,0,1,0
SLL,KARNATAKA POLICE ACT 1963,3,March,657,1562,493,412
SLL,KARNATAKA POLICE ACT 1964,3,March,972,1926,559,467
SLL,KARNATAKA POLICE ACT 1965,3,March,37,79,22,21
SLL,KARNATAKA POLICE ACT 1966,3,March,64,108,56,22
SLL,KARNATAKA POLICE ACT 1967,3,March,73,190,103,57
SLL,PREVENTION OF DAMAGE TO PUBLIC PROPERTY ACT 1984,3,March,12,28,15,9
SLL,"POST & TELEGRAPH, TELEGRAPH WIRES (UNLAWFUL POSSESSION) ACT 1980",3,March,0,0,0,0
SLL,OFFICIAL SECURITY RELATED ACTS,3,March,0,0,0,0
SLL,PREVENTION OF TERRORISM ACT (POTA),3,March,0,0,0,0
SLL,RAILWAYS ACT,3,March,0,0,0,0
SLL,UNLAWFUL ACTIVITIES (Prevention) Act 1967,3,March,0,0,3,0
SLL,CRIMES RELATED TO WOMEN,3,March,149,394,168,113
SLL,INDIAN LUNACY ACT,3,March,0,0,0,0
SLL,INDIAN ELECTRICITY ACT,3,March,2,5,0,2
SLL,"COTPA, CIGARETTES AND OTHER TOBACCO PRODUCTS",3,March,161,409,103,158
SLL,KARNATAKA STATE LOCAL ACTS,3,March,1418,2919,1443,755
SLL,CYBER CRIME (INFORMATION TECHNOLOGY ACT),3,March,1254,3833,1977,1174
SLL,NATIONAL SECURITY ACT,3,March,0,0,0,0
SLL,POCSO,3,March,332,997,345,306
SLL,Aadhar Act,3,March,1,1,0,0
WOMEN,Rape (Sec. 376 IPC),3,March,96,238,63,77
WOMEN,Outraging modesty (Molestation) (sec.354 IPC),3,March,540,1445,633,449
WOMEN,Kidnapping & Abduction of Women: (Sec.366 IPC),3,March,11,23,13,6
WOMEN,Insulting modesty (Eve-Teasing) (Sec.294 & 509 IPC if victim is a woman),3,March,39,114,9,46
WOMEN,Murder for Dowry - by burning (Sec.302 IPC),3,March,0,1,0,0
WOMEN,"Murder for Dowry - by other means
(Sec.302 IPC)",3,March,3,3,0,0
WOMEN,Murder for other reasons,3,March,27,93,36,31
WOMEN,Attempt to Commit Murder for dowry by burning (Sec.307 IPC),3,March,0,0,0,0
WOMEN,Attempt to Commit Murder for dowry by other means (Sec.307 IPC),3,March,2,7,0,5
WOMEN,Attempt to Commit murder for other reasons,3,March,89,265,67,74
WOMEN,"Dowry Death-by burning
(Sec.304-B IPC)",3,March,0,0,0,0
WOMEN,Dowry Death-by other Means (Sec.304(B) IPC),3,March,10,31,7,9
WOMEN,Cruelty by Husband or Relatives of Husband (Sec.498-A IPC),3,March,255,704,299,211
WOMEN,Abetment of Suicide (Sec.306 IPC),3,March,10,38,19,15
WOMEN,Immoral Traffic (prevention) Act.,3,March,31,81,39,21
WOMEN,Indecent Representation of Women(Prohibition) Act-1986,3,March,0,0,0,0
WOMEN,Pornography,3,March,1,1,0,0
WOMEN,Offences against Public Servants (Sec.182-188-333-353 IPC),3,March,10,31,15,15
WOMEN,Offences related to Marriage,3,March,4,9,1,1
WOMEN,Cyber Crimes,3,March,372,1130,591,359
CHILDREN,"Infanticide/ Foeticide 
(Sec. 315 & 316 IPC)",3,March,0,2,0,1
CHILDREN,Rape on Minor,3,March,0,0,0,0
CHILDREN,Exposure & abandonment (Sec. 317 IPC),3,March,10,16,6,1
CHILDREN,Kidnapping & Abduction of Children,3,March,394,1010,295,318
CHILDREN,For Ransom - of Children,3,March,0,4,2,1
CHILDREN,of Children - for begging,3,March,0,0,0,0
CHILDREN,of Girls - Immoral Purpose,3,March,1,1,0,0
CHILDREN,With intent to Steal from Child,3,March,0,0,0,0
CHILDREN,Lawful Guardianship,3,March,1,1,0,0
CHILDREN,Procuration of Minor Girls - For Prostitution,3,March,0,0,0,0
CHILDREN,Procuration of Minor Girls - Importing of Girl,3,March,0,0,0,0
CHILDREN,Procuration of Minor Girls - For Other Purposes,3,March,4,7,1,2
CHILDREN,Sub Total,3,March,400,1023,298,321
CHILDREN,Selling of girls for Prostitution (Sec.372 IPC),3,March,0,0,0,0
CHILDREN,The Prohibition of Child Marriage Act - 2006,3,March,15,37,9,12
CHILDREN,POCSO Act,3,March,332,997,345,306
CHILDREN,Death of Children due to miscarriage,3,March,4,4,1,0
CHILDREN,Juvenile Justice Act,3,March,31,56,13,12
CHILDREN,Child Labour (Pro.& Reg.) Act,3,March,2,18,2,6
CHILDREN,Probation of Offenders Act,3,March,0,0,0,0
SCST,Murder,3,March,5,19,8,5
SCST,Rape,3,March,16,34,11,8
SCST,Kidnapping,3,March,14,40,22,13
SCST,Offences under the Protection of Civil Rights Act.,3,March,0,0,0,0
SCST,Offences under the SC & ST  (prevention of Atrocities)Act 1989 (if the victim is SC),3,March,160,465,168,162
IPC,"Murder (Sec.302/303 IPC/103,104 BNS)",4,April,121,426,124,103
IPC,ATTEMPT TO MURDER (Sec. 307 IPC/109BNS),4,April,309,1165,257,309
IPC,CULPABLE HOMICIDE NOT AMOUNTING TO MUDER (Sec.304 IPC/105 BNS),4,April,12,47,11,12
IPC,ATTEMPT TO CULPABLE HOMICIDE NOT AMOUNTING TO MURDER (Sec. 308 IPC/110 BNS),4,April,9,21,11,4
IPC,"RAPE (Sec.376, 376(A) to 376 (D) IPC/64 TO 71 BNS)",4,April,79,317,57,96
IPC,"KIDNAPPING AND ABDUCTION (Sec.360, 361, 363 to 369 IPC/137(1)(A),137(1)(B),137(2),140 TO 142,97 BNS)",4,April,469,1499,299,388
IPC,"DACOITY (Sec. 395 to 398 IPC/310(2),310(4),311,312 BNS)",4,April,15,70,16,16
IPC,"Robbery (Sec.392 to 394 IPC/309(4),309(5),309(6) BNS)",4,April,84,348,150,91
IPC,"BURGLARY - NIGHT (Sec. 380 IPC R/W 453 TO 460, 462 IPC/305,R/W 331(1) TO 331(8),334(2) BNS)",4,April,313,1233,325,291
IPC,"BURGLARY - DAY (Sec. 380 IPC R/W 453 TO 460, 462 IPC/305,R/W 331(1) TO 331(8), 334(2) BNS)",4,April,91,339,73,81
IPC,THEFT (Sec.379 to 389 IPC/303(2) TO 308(7) BNS),4,April,1782,7075,1760,1816
IPC,"RIOTS (Sec.141 to 153 IPC/189(1) TO 189(6),191(1)TO 191(3), 190,192,195 BNS))",4,April,295,1126,340,294
IPC,"OFFENCES AGAINST STATE (Sec. 121 to 130, except 124(A) IPC/147 TO 158 BNS)",4,April,0,0,0,0
IPC,"OFFENCES PROMOTING ENEMITY (Sec. 153(A), 154(B) & 505 IPC/196, 197 & 353 BNS",4,April,14,40,7,17
IPC,CRIMINAL BREACH OF TRUST (Sec. 406 to 409 IPC/316(2) to 316(5) BNS),4,April,48,222,33,62
IPC,"CHEATING (Sec.417 to 420 IPC/318(2)to 318(4), 319(2) BNS)",4,April,458,1946,413,518
IPC,"COUNTERFEITING (Sec. 231 to 263 (A), 489(A) to 489 (E) IPC/178 TO 185 BNS)",4,April,3,8,5,1
IPC,"FORGERY (Sec. 465, 468, 471, 473, 476, 477 & 477(A) IPC/336(2),336(3),340(2),341(2),342(2),343,
344 BNS)",4,April,41,208,37,59
IPC,"CASES OF HURT (Sec. 323 to 335 IPC except 328, 332, 333/115(2) TO 122(2) EXCEPT 121(1),121(2) BNS)",4,April,1528,5612,1648,1580
IPC,"ADULTERATION (Sec. 272, 273 to 276 IPC/274,275 TO 278 BNS)",4,April,0,9,2,4
IPC,AFFRAY (Sec. 160 IPC/194(2) BNS),4,April,66,241,43,89
IPC,"ARSON (Sec. 435, 436, 438 IPC/326(f),326(g),327(g) BNS)",4,April,15,81,24,19
IPC,"ASSAULT (Sec 356, 357 IPC/134,135 BNS)",4,April,0,7,3,2
IPC,COMMUNAL / RELIGION (Sec. 295 to 297 IPC/298 TO 301 BNS),4,April,29,92,40,21
IPC,"CRIMINAL CONSPIRACY (Sec. 120(B), 121(A) IPC/61(2),148 BNS)",4,April,2,8,3,2
IPC,CRIMINAL INTIMIDATION (Sec. 504 to 508 IPC/352 TO 354 BNS),4,April,245,993,196,251
IPC,"CRIMINAL MISAPPROPRIATION (Sec. 403, 404 IPC/314,315 BNS)",4,April,0,5,1,3
IPC,CRIMINAL TRESPASS (Sec.447 to 452 IPC/329(3) TO 333 BNS),4,April,203,884,174,226
IPC,CRUELTY BY HUSBAND (Sec. 498(A) IPC/85 BNS),4,April,248,946,212,253
IPC,DOWRY DEATHS (Sec.304(B) IPC/80 BNS),4,April,15,45,10,9
IPC,DEATHS DUE TO RASHNESS/NEGLIGENCE (Sec.304(A) IPC/106 BNS),4,April,26,95,22,33
IPC,MOTOR VEHICLE ACCIDENTS FATAL (Sec.304(A) IPC/106 BNS),4,April,895,3936,1053,981
IPC,"MOTOR VEHICLE ACCIDENTS NON-FATAL (Sec.279, 337, 338 IPC/281,125(a),125(b) BNS)",4,April,2752,10714,2726,2601
IPC,"DEATHS-MISCARRIAGE (Sec.312, 313, 314 IPC/88,89,90 BNS)",4,April,3,7,2,4
IPC,"DEFENCE FORCES OFFENCES RELATING (also relating to desertion) (Sec.131 to 140, except 136 IPC/159 TO 168 EXCEPT 164 BNS)",4,April,0,0,0,0
IPC,"ESCAPE FROM LAWFUL CUSTODY AND RESISTANCE (Sec.224, 225, 225(B) IPC/262,263,265 BNS)",4,April,3,11,1,4
IPC,"IMPERSONATION (Sec.170, 171 IPC/204,205 BNS)",4,April,3,6,1,1
IPC,"MISCHIEF (Sec.427 to 440 except 434, 435, 436, 438 IPC/324(4) TO 324(6) BNS)",4,April,33,148,33,40
IPC,MOLESTATION (Sec.354 IPC/74 BNS),4,April,486,1940,612,545
IPC,POISONING-PROFESSIONAL (Sec. 328 IPC/123 BNS),4,April,1,6,2,1
IPC,PORNOGRAPHY (Sec.292 to 294 IPC/294 TO 296 BNS),4,April,1,4,0,1
IPC,PUBLIC JUSTICE (Sec.213 to 215 IPC/250 TO 252 BNS),4,April,1,2,0,0
IPC,"PUBLIC NUISANCE (Sec.291 and 510 IPC/293,355 BNS)",4,April,31,62,6,14
IPC,"PUBLIC SAFETY (Sec.269 to 271, 277, 283, 289 IPC/271 to 273, 279,285,291 BNS)",4,April,138,977,316,323
IPC,"OFFENCES AGAINST PUBLIC SERVANTS (Public servant is a victim) (Sec 182-188, 332, 333, 353 IPC/217-223,121(1),121(2), 132 BNS)",4,April,97,422,89,119
IPC,"OFFENCES BY PUBLIC SERVANTS (EXCEPT CORRUPTION) (Public servant is accused) (Sec.128, 129, 167, 218, 221, 222 IPC/156,157,201,256,259,260 BNS)",4,April,0,1,0,0
IPC,"NEGLIGENT ACT (Sec.280 to 289, 336 to 338 except 283 IPC/282 to 291,125 to 125(b) except 285 BNS)",4,April,231,1290,128,611
IPC,RECEIVING OF STOLEN PROPERTY (Sec.411 to 414 IPC/317(2) TO 317(5) BNS),4,April,0,1,0,0
IPC,SEDITION (Sec. 124A IPC/IN BNS Deleted),4,April,0,0,0,0
IPC,INSULTING MODESTY OF WOMEN (EVE TEASING) (Sec.509 IPC/79 BNS),4,April,43,127,12,27
IPC,"SUICIDE (Sec.305, 306, 309 IPC/107,108 BNS)",4,April,67,279,48,72
IPC,UNNATURAL SEX (Sec.377 IPC/IN BNS Deleted),4,April,0,0,0,0
IPC,"WRONGFUL RESTRAINT/CONFINEMENT (Sec.341 to 348 IPC/126(2),127(2)-127(8) BNS)",4,April,35,159,44,40
IPC,"INFANTICIDE (Sec.315, 316 IPC/91,92 BNS)",4,April,0,2,0,0
IPC,"OFFENCES RELATED TO MARRIAGE (Sec.493 to 498 IPC/81,84 BNS)",4,April,3,14,0,4
IPC,"BUYING & SELLING MINOR FOR PROSTITUTION (Sec.372, 373 IPC/98,99 BNS)",4,April,0,0,0,0
IPC,DOCUMENTS & PROPERTY MARKS (Sec.483 to 489 IPC/346-350(2) BNS),4,April,0,0,0,0
IPC,DEFAMATION (Sec.500 to 502 IPC/350(2)-356(4) BNS),4,April,0,1,0,1
IPC,ELECTION(Sec.171(E) to 171(1) IPC/173-177 BNS),4,April,1,1,96,0
IPC,"SLAVERY (Sec.370, 371, 374 IPC/143,145,146 BNS)",4,April,0,1,0,1
IPC,Attempting to commit offences (Sec.511 IPC/62 BNS),4,April,23,77,16,22
IPC,ILLEGAL DETENTION (Sec.342 IPC/127(2) BNS),4,April,0,0,0,0
IPC,FALSE EVIDENCE (Sec.191 to 205 IPC/227-242 BNS),4,April,1,2,1,0
IPC,EXPOSURE AND ABANDONMENT OF CHILD (Sec.317 IPC/93 BNS),4,April,6,22,2,10
IPC,OF ABETMENT (Sec.107 to 120 IPC/45-60 BNS),4,April,1,6,0,2
IPC,"FAILURE TO APPEAR TO COURT (Sec.174A, 229A IPC/209,269 BNS)",4,April,57,344,33,98
IPC,Concealment of birth by secret disposal of Child,4,April,7,20,5,8
IPC,ASSAULT OR USE OF CRIMINAL FORCE TO DISROBE WOMEN,4,April,0,1,0,0
IPC,Disobedience to Order Promulgated by Public/Servant,4,April,0,9,6,3
IPC,Human Trafficking,4,April,1,4,1,1
IPC,Giving false information respecting an offence committed,4,April,2,4,1,0
SLL,ANTIQUES (CULTURAL PROPERTY),4,April,1,4,1,0
SLL,ARMS ACT 1959,4,April,2,3,3,0
SLL,ARMS ACT 1960,4,April,14,55,11,8
SLL,ARMS ACT 1961,4,April,1,2,0,1
SLL,ARMS ACT 1962,4,April,7,39,9,16
SLL,ARMS ACT 1963,4,April,0,3,0,2
SLL,ARMS ACT 1964,4,April,3,11,1,1
SLL,ARMS ACT 1965,4,April,0,4,0,0
SLL,ARMS ACT 1966,4,April,3,16,2,6
SLL,ANIMAL,4,April,25,110,24,32
SLL,CINEMATOGRAPHY ACT 1952,4,April,0,0,0,0
SLL,CINEMATOGRAPHY ACT 1953,4,April,0,0,0,0
SLL,CONSUMER,4,April,67,213,53,73
SLL,COPY RIGHT ACT 1957,4,April,8,57,6,12
SLL,COPY RIGHT ACT 1958,4,April,6,28,5,5
SLL,CIVIL RIGHTS,4,April,3,3,0,0
SLL,SCHEDULED CASTE AND THE SCHEDULED TRIBES,4,April,186,746,191,202
SLL,CHILDREN ACT,4,April,28,138,49,47
SLL,PREVENTION OF CORRUPTION ACT 1988,4,April,0,0,0,0
SLL,PREVENTION OF CORRUPTION ACT 1989,4,April,0,0,0,0
SLL,PREVENTION OF CORRUPTION ACT 1990,4,April,0,0,0,0
SLL,PREVENTION OF CORRUPTION ACT 1991,4,April,0,0,0,0
SLL,PREVENTION OF CORRUPTION ACT 1992,4,April,0,0,0,0
SLL,PREVENTION OF CORRUPTION ACT 1993,4,April,0,0,0,0
SLL,PREVENTION OF CORRUPTION ACT 1994,4,April,0,0,0,0
SLL,PREVENTION OF CORRUPTION ACT 1995,4,April,0,0,0,0
SLL,CUSTOMS,4,April,0,0,0,0
SLL,Explosives,4,April,6,35,5,11
SLL,FOREIGN EXCHANGE,4,April,0,0,0,0
SLL,FOREIGNER,4,April,2,18,0,10
SLL,FOREST,4,April,0,3,0,1
SLL,HIJACKING,4,April,0,0,0,0
SLL,IMMORAL TRAFFIC,4,April,12,95,12,32
SLL,BONDED LABOUR SYSTEM,4,April,0,1,0,0
SLL,INDIAN MOTOR VEHICLE,4,April,13,38,5,18
SLL,NARCOTIC DRUGS & PSYCHOTROPIC SUBSTANCES ACT,4,April,517,1793,217,433
SLL,PASSPORT ACT,4,April,0,2,1,0
SLL,REPRESENTATIVE OF PEOPLE ACT 1951 & 1988,4,April,0,0,2,0
SLL,REPRESENTATIVE OF PEOPLE ACT 1951 & 1989,4,April,0,0,68,0
SLL,REPRESENTATIVE OF PEOPLE ACT 1951 & 1990,4,April,0,0,3,0
SLL,KARNATAKA POLICE ACT 1963,4,April,531,2090,291,654
SLL,KARNATAKA POLICE ACT 1964,4,April,676,2610,720,978
SLL,KARNATAKA POLICE ACT 1965,4,April,20,99,19,37
SLL,KARNATAKA POLICE ACT 1966,4,April,327,437,171,68
SLL,KARNATAKA POLICE ACT 1967,4,April,44,231,47,70
SLL,PREVENTION OF DAMAGE TO PUBLIC PROPERTY ACT 1984,4,April,12,39,11,11
SLL,"POST & TELEGRAPH, TELEGRAPH WIRES (UNLAWFUL POSSESSION) ACT 1980",4,April,0,0,0,0
SLL,OFFICIAL SECURITY RELATED ACTS,4,April,0,0,0,0
SLL,PREVENTION OF TERRORISM ACT (POTA),4,April,0,0,0,0
SLL,RAILWAYS ACT,4,April,1,1,0,0
SLL,UNLAWFUL ACTIVITIES (Prevention) Act 1967,4,April,0,0,1,0
SLL,CRIMES RELATED TO WOMEN,4,April,150,552,153,152
SLL,INDIAN LUNACY ACT,4,April,0,0,0,0
SLL,INDIAN ELECTRICITY ACT,4,April,1,6,1,2
SLL,"COTPA, CIGARETTES AND OTHER TOBACCO PRODUCTS",4,April,65,474,35,161
SLL,KARNATAKA STATE LOCAL ACTS,4,April,1070,3991,961,1420
SLL,CYBER CRIME (INFORMATION TECHNOLOGY ACT),4,April,1005,4846,1603,1255
SLL,NATIONAL SECURITY ACT,4,April,0,0,0,0
SLL,POCSO,4,April,309,1369,355,368
SLL,Aadhar Act,4,April,0,1,0,1
WOMEN,Rape (Sec. 376 IPC),4,April,79,317,57,96
WOMEN,Outraging modesty (Molestation) (sec.354 IPC),4,April,486,1940,612,545
WOMEN,Kidnapping & Abduction of Women: (Sec.366 IPC),4,April,10,34,9,12
WOMEN,Insulting modesty (Eve-Teasing) (Sec.294 & 509 IPC if victim is a woman),4,April,43,127,12,27
WOMEN,Murder for Dowry - by burning (Sec.302 IPC),4,April,0,1,0,0
WOMEN,"Murder for Dowry - by other means
(Sec.302 IPC)",4,April,1,4,1,3
WOMEN,Murder for other reasons,4,April,40,134,40,28
WOMEN,Attempt to Commit Murder for dowry by burning (Sec.307 IPC),4,April,0,0,0,0
WOMEN,Attempt to Commit Murder for dowry by other means (Sec.307 IPC),4,April,2,9,1,2
WOMEN,Attempt to Commit murder for other reasons,4,April,98,360,71,88
WOMEN,"Dowry Death-by burning
(Sec.304-B IPC)",4,April,1,1,0,0
WOMEN,Dowry Death-by other Means (Sec.304(B) IPC),4,April,14,44,10,9
WOMEN,Cruelty by Husband or Relatives of Husband (Sec.498-A IPC),4,April,248,946,212,253
WOMEN,Abetment of Suicide (Sec.306 IPC),4,April,21,60,13,11
WOMEN,Immoral Traffic (prevention) Act.,4,April,12,95,12,32
WOMEN,Indecent Representation of Women(Prohibition) Act-1986,4,April,0,0,0,0
WOMEN,Pornography,4,April,0,1,0,1
WOMEN,Offences against Public Servants (Sec.182-188-333-353 IPC),4,April,13,46,16,12
WOMEN,Offences related to Marriage,4,April,2,11,0,4
WOMEN,Cyber Crimes,4,April,324,1456,454,372
CHILDREN,"Infanticide/ Foeticide 
(Sec. 315 & 316 IPC)",4,April,0,2,0,0
CHILDREN,Rape on Minor,4,April,0,0,0,0
CHILDREN,Exposure & abandonment (Sec. 317 IPC),4,April,6,22,2,10
CHILDREN,Kidnapping & Abduction of Children,4,April,447,1393,280,355
CHILDREN,For Ransom - of Children,4,April,0,3,1,0
CHILDREN,of Children - for begging,4,April,0,0,0,0
CHILDREN,of Girls - Immoral Purpose,4,April,0,1,0,1
CHILDREN,With intent to Steal from Child,4,April,0,0,0,0
CHILDREN,Lawful Guardianship,4,April,0,1,0,1
CHILDREN,Procuration of Minor Girls - For Prostitution,4,April,0,0,0,0
CHILDREN,Procuration of Minor Girls - Importing of Girl,4,April,0,0,0,0
CHILDREN,Procuration of Minor Girls - For Other Purposes,4,April,2,8,4,3
CHILDREN,Selling of girls for Prostitution (Sec.372 IPC),4,April,0,0,0,0
CHILDREN,The Prohibition of Child Marriage Act - 2006,4,April,18,53,17,14
CHILDREN,POCSO Act,4,April,309,1369,355,368
CHILDREN,Death of Children due to miscarriage,4,April,3,7,2,4
CHILDREN,Juvenile Justice Act,4,April,8,65,25,31
CHILDREN,Child Labour (Pro.& Reg.) Act,4,April,2,20,7,2
CHILDREN,Probation of Offenders Act,4,April,0,0,0,0
SCST,Murder,4,April,4,28,12,6
SCST,Rape,4,April,15,51,12,16
SCST,Kidnapping,4,April,4,51,10,19
SCST,Offences under the Protection of Civil Rights Act.,4,April,0,0,0,0
SCST,Offences under the SC & ST  (prevention of Atrocities)Act 1989 (if the victim is SC),4,April,163,616,157,161
IPC,"Murder (Sec.302/303 IPC/103,104 BNS)",5,May,109,535,110,123
IPC,ATTEMPT TO MURDER (Sec. 307 IPC/109BNS),5,May,260,1407,289,304
IPC,CULPABLE HOMICIDE NOT AMOUNTING TO MUDER (Sec.304 IPC/105 BNS),5,May,6,53,11,11
IPC,ATTEMPT TO CULPABLE HOMICIDE NOT AMOUNTING TO MURDER (Sec. 308 IPC/110 BNS),5,May,13,33,10,9
IPC,"RAPE (Sec.376, 376(A) to 376 (D) IPC/64 TO 71 BNS)",5,May,92,403,88,79
IPC,"KIDNAPPING AND ABDUCTION (Sec.360, 361, 363 to 369 IPC/137(1)(A),137(1)(B),137(2),140 TO 142,97 BNS)",5,May,411,1848,357,427
IPC,"DACOITY (Sec. 395 to 398 IPC/310(2),310(4),311,312 BNS)",5,May,13,86,23,16
IPC,"Robbery (Sec.392 to 394 IPC/309(4),309(5),309(6) BNS)",5,May,85,433,179,83
IPC,"BURGLARY - NIGHT (Sec. 380 IPC R/W 453 TO 460, 462 IPC/305,R/W 331(1) TO 331(8),334(2) BNS)",5,May,331,1568,399,317
IPC,"BURGLARY - DAY (Sec. 380 IPC R/W 453 TO 460, 462 IPC/305,R/W 331(1) TO 331(8), 334(2) BNS)",5,May,87,427,104,91
IPC,THEFT (Sec.379 to 389 IPC/303(2) TO 308(7) BNS),5,May,1729,8803,2119,1784
IPC,"RIOTS (Sec.141 to 153 IPC/189(1) TO 189(6),191(1)TO 191(3), 190,192,195 BNS))",5,May,293,1416,398,295
IPC,"OFFENCES AGAINST STATE (Sec. 121 to 130, except 124(A) IPC/147 TO 158 BNS)",5,May,0,0,0,0
IPC,"OFFENCES PROMOTING ENEMITY (Sec. 153(A), 154(B) & 505 IPC/196, 197 & 353 BNS",5,May,44,84,5,14
IPC,CRIMINAL BREACH OF TRUST (Sec. 406 to 409 IPC/316(2) to 316(5) BNS),5,May,60,282,36,48
IPC,"CHEATING (Sec.417 to 420 IPC/318(2)to 318(4), 319(2) BNS)",5,May,470,2416,535,458
IPC,"COUNTERFEITING (Sec. 231 to 263 (A), 489(A) to 489 (E) IPC/178 TO 185 BNS)",5,May,6,14,3,3
IPC,"FORGERY (Sec. 465, 468, 471, 473, 476, 477 & 477(A) IPC/336(2),336(3),340(2),341(2),342(2),343,
344 BNS)",5,May,52,260,33,41
IPC,"CASES OF HURT (Sec. 323 to 335 IPC except 328, 332, 333/115(2) TO 122(2) EXCEPT 121(1),121(2) BNS)",5,May,1394,7024,1850,1528
IPC,"ADULTERATION (Sec. 272, 273 to 276 IPC/274,275 TO 278 BNS)",5,May,2,11,0,0
IPC,AFFRAY (Sec. 160 IPC/194(2) BNS),5,May,57,298,51,66
IPC,"ARSON (Sec. 435, 436, 438 IPC/326(f),326(g),327(g) BNS)",5,May,14,96,16,16
IPC,"ASSAULT (Sec 356, 357 IPC/134,135 BNS)",5,May,4,11,4,0
IPC,COMMUNAL / RELIGION (Sec. 295 to 297 IPC/298 TO 301 BNS),5,May,31,123,16,29
IPC,"CRIMINAL CONSPIRACY (Sec. 120(B), 121(A) IPC/61(2),148 BNS)",5,May,1,9,2,2
IPC,CRIMINAL INTIMIDATION (Sec. 504 to 508 IPC/352 TO 354 BNS),5,May,346,1338,219,243
IPC,"CRIMINAL MISAPPROPRIATION (Sec. 403, 404 IPC/314,315 BNS)",5,May,2,7,1,0
IPC,CRIMINAL TRESPASS (Sec.447 to 452 IPC/329(3) TO 333 BNS),5,May,215,1101,237,203
IPC,CRUELTY BY HUSBAND (Sec. 498(A) IPC/85 BNS),5,May,266,1203,304,243
IPC,DOWRY DEATHS (Sec.304(B) IPC/80 BNS),5,May,3,48,11,16
IPC,DEATHS DUE TO RASHNESS/NEGLIGENCE (Sec.304(A) IPC/106 BNS),5,May,34,131,31,28
IPC,MOTOR VEHICLE ACCIDENTS FATAL (Sec.304(A) IPC/106 BNS),5,May,1001,5022,1043,952
IPC,"MOTOR VEHICLE ACCIDENTS NON-FATAL (Sec.279, 337, 338 IPC/281,125(a),125(b) BNS)",5,May,2885,13508,2859,2690
IPC,"DEATHS-MISCARRIAGE (Sec.312, 313, 314 IPC/88,89,90 BNS)",5,May,2,9,3,3
IPC,"DEFENCE FORCES OFFENCES RELATING (also relating to desertion) (Sec.131 to 140, except 136 IPC/159 TO 168 EXCEPT 164 BNS)",5,May,0,0,0,0
IPC,"ESCAPE FROM LAWFUL CUSTODY AND RESISTANCE (Sec.224, 225, 225(B) IPC/262,263,265 BNS)",5,May,4,15,5,3
IPC,"IMPERSONATION (Sec.170, 171 IPC/204,205 BNS)",5,May,2,8,1,3
IPC,"MISCHIEF (Sec.427 to 440 except 434, 435, 436, 438 IPC/324(4) TO 324(6) BNS)",5,May,45,192,32,34
IPC,MOLESTATION (Sec.354 IPC/74 BNS),5,May,486,2429,696,487
IPC,POISONING-PROFESSIONAL (Sec. 328 IPC/123 BNS),5,May,1,7,0,1
IPC,PORNOGRAPHY (Sec.292 to 294 IPC/294 TO 296 BNS),5,May,0,4,1,1
IPC,PUBLIC JUSTICE (Sec.213 to 215 IPC/250 TO 252 BNS),5,May,0,2,0,1
IPC,"PUBLIC NUISANCE (Sec.291 and 510 IPC/293,355 BNS)",5,May,23,85,3,31
IPC,"PUBLIC SAFETY (Sec.269 to 271, 277, 283, 289 IPC/271 to 273, 279,285,291 BNS)",5,May,161,1145,206,145
IPC,"OFFENCES AGAINST PUBLIC SERVANTS (Public servant is a victim) (Sec 182-188, 332, 333, 353 IPC/217-223,121(1),121(2), 132 BNS)",5,May,100,521,83,98
IPC,"OFFENCES BY PUBLIC SERVANTS (EXCEPT CORRUPTION) (Public servant is accused) (Sec.128, 129, 167, 218, 221, 222 IPC/156,157,201,256,259,260 BNS)",5,May,1,2,1,0
IPC,"NEGLIGENT ACT (Sec.280 to 289, 336 to 338 except 283 IPC/282 to 291,125 to 125(b) except 285 BNS)",5,May,157,1451,171,235
IPC,RECEIVING OF STOLEN PROPERTY (Sec.411 to 414 IPC/317(2) TO 317(5) BNS),5,May,0,1,0,0
IPC,SEDITION (Sec. 124A IPC/IN BNS Deleted),5,May,0,0,0,0
IPC,INSULTING MODESTY OF WOMEN (EVE TEASING) (Sec.509 IPC/79 BNS),5,May,36,160,12,41
IPC,"SUICIDE (Sec.305, 306, 309 IPC/107,108 BNS)",5,May,55,334,59,67
IPC,UNNATURAL SEX (Sec.377 IPC/IN BNS Deleted),5,May,0,0,1,0
IPC,"WRONGFUL RESTRAINT/CONFINEMENT (Sec.341 to 348 IPC/126(2),127(2)-127(8) BNS)",5,May,53,212,32,35
IPC,"INFANTICIDE (Sec.315, 316 IPC/91,92 BNS)",5,May,1,3,0,0
IPC,"OFFENCES RELATED TO MARRIAGE (Sec.493 to 498 IPC/81,84 BNS)",5,May,4,18,4,3
IPC,"BUYING & SELLING MINOR FOR PROSTITUTION (Sec.372, 373 IPC/98,99 BNS)",5,May,0,0,0,0
IPC,DOCUMENTS & PROPERTY MARKS (Sec.483 to 489 IPC/346-350(2) BNS),5,May,0,0,0,0
IPC,DEFAMATION (Sec.500 to 502 IPC/350(2)-356(4) BNS),5,May,1,2,1,0
IPC,ELECTION(Sec.171(E) to 171(1) IPC/173-177 BNS),5,May,0,1,30,1
IPC,"SLAVERY (Sec.370, 371, 374 IPC/143,145,146 BNS)",5,May,0,1,0,0
IPC,Attempting to commit offences (Sec.511 IPC/62 BNS),5,May,25,101,17,22
IPC,ILLEGAL DETENTION (Sec.342 IPC/127(2) BNS),5,May,1,1,0,0
IPC,FALSE EVIDENCE (Sec.191 to 205 IPC/227-242 BNS),5,May,1,3,0,1
IPC,EXPOSURE AND ABANDONMENT OF CHILD (Sec.317 IPC/93 BNS),5,May,4,26,3,6
IPC,OF ABETMENT (Sec.107 to 120 IPC/45-60 BNS),5,May,1,7,2,1
IPC,"FAILURE TO APPEAR TO COURT (Sec.174A, 229A IPC/209,269 BNS)",5,May,585,929,13,57
IPC,Concealment of birth by secret disposal of Child,5,May,4,24,2,7
IPC,ASSAULT OR USE OF CRIMINAL FORCE TO DISROBE WOMEN,5,May,4,28,9,1
IPC,Giving false information respecting an offence committed,5,May,3,7,0,2
SLL,Petty Organised Crimes,5,May,0,4,0,1
SLL,ARMS ACT 1959,5,May,2,5,2,2
SLL,ARMS ACT 1960,5,May,10,65,10,14
SLL,ARMS ACT 1961,5,May,2,4,3,1
SLL,ARMS ACT 1962,5,May,6,45,11,7
SLL,ARMS ACT 1963,5,May,0,3,0,0
SLL,ARMS ACT 1964,5,May,2,13,2,3
SLL,ARMS ACT 1965,5,May,0,4,2,0
SLL,ARMS ACT 1966,5,May,5,21,3,3
SLL,ANIMAL,5,May,40,150,26,26
SLL,CINEMATOGRAPHY ACT 1952,5,May,0,0,1,0
SLL,CINEMATOGRAPHY ACT 1953,5,May,0,0,0,0
SLL,CONSUMER,5,May,74,287,53,67
SLL,COPY RIGHT ACT 1957,5,May,6,63,13,8
SLL,COPY RIGHT ACT 1958,5,May,7,35,7,6
SLL,CIVIL RIGHTS,5,May,0,3,0,3
SLL,SCHEDULED CASTE AND THE SCHEDULED TRIBES,5,May,178,932,173,192
SLL,CHILDREN ACT,5,May,47,185,40,29
SLL,PREVENTION OF CORRUPTION ACT 1988,5,May,0,0,0,0
SLL,PREVENTION OF CORRUPTION ACT 1989,5,May,0,0,0,0
SLL,PREVENTION OF CORRUPTION ACT 1990,5,May,0,0,0,0
SLL,PREVENTION OF CORRUPTION ACT 1991,5,May,0,0,0,0
SLL,PREVENTION OF CORRUPTION ACT 1992,5,May,1,1,0,0
SLL,PREVENTION OF CORRUPTION ACT 1993,5,May,0,0,0,0
SLL,PREVENTION OF CORRUPTION ACT 1994,5,May,0,0,0,0
SLL,PREVENTION OF CORRUPTION ACT 1995,5,May,0,0,0,0
SLL,CUSTOMS,5,May,0,0,0,0
SLL,Explosives,5,May,4,39,4,6
SLL,FOREIGN EXCHANGE,5,May,0,0,0,0
SLL,FOREIGNER,5,May,17,35,6,2
SLL,FOREST,5,May,1,4,0,0
SLL,HIJACKING,5,May,0,0,0,0
SLL,IMMORAL TRAFFIC,5,May,20,115,30,12
SLL,BONDED LABOUR SYSTEM,5,May,2,3,0,0
SLL,INDIAN MOTOR VEHICLE,5,May,7,47,2,14
SLL,NARCOTIC DRUGS & PSYCHOTROPIC SUBSTANCES ACT,5,May,374,2168,243,517
SLL,PASSPORT ACT,5,May,0,2,0,0
SLL,REPRESENTATIVE OF PEOPLE ACT 1951 & 1988,5,May,0,0,0,0
SLL,REPRESENTATIVE OF PEOPLE ACT 1951 & 1989,5,May,0,0,25,0
SLL,REPRESENTATIVE OF PEOPLE ACT 1951 & 1990,5,May,0,0,4,0
SLL,KARNATAKA POLICE ACT 1963,5,May,602,2692,304,529
SLL,KARNATAKA POLICE ACT 1964,5,May,448,3066,414,677
SLL,KARNATAKA POLICE ACT 1965,5,May,13,112,20,20
SLL,KARNATAKA POLICE ACT 1966,5,May,90,528,115,328
SLL,KARNATAKA POLICE ACT 1967,5,May,35,258,30,44
SLL,PREVENTION OF DAMAGE TO PUBLIC PROPERTY ACT 1984,5,May,0,0,0,0
SLL,PREVENTION OF DAMAGE TO PUBLIC PROPERTY ACT 1985,5,May,0,0,0,0
SLL,PREVENTION OF DAMAGE TO PUBLIC PROPERTY ACT 1986,5,May,0,0,0,0
SLL,PREVENTION OF DAMAGE TO PUBLIC PROPERTY ACT 1987,5,May,0,0,0,0
SLL,PREVENTION OF TERRORISM ACT (POTA),5,May,0,0,0,0
SLL,RAILWAYS ACT,5,May,0,1,1,1
SLL,UNLAWFUL ACTIVITIES (Prevention) Act 1967,5,May,0,0,0,0
SLL,CRIMES RELATED TO WOMEN,5,May,175,735,214,154
SLL,INDIAN LUNACY ACT,5,May,0,0,0,0
SLL,INDIAN ELECTRICITY ACT,5,May,0,6,0,1
SLL,"COTPA, CIGARETTES AND OTHER TOBACCO PRODUCTS",5,May,667,1141,95,65
SLL,KARNATAKA STATE LOCAL ACTS,5,May,1010,4996,356,1065
SLL,CYBER CRIME (INFORMATION TECHNOLOGY ACT),5,May,1193,6045,2341,1007
SLL,NATIONAL SECURITY ACT,5,May,0,0,0,0
SLL,POCSO,5,May,344,1772,404,349
SLL,Aadhar Act,5,May,0,0,0,0
WOMEN,Rape (Sec. 376 IPC),5,May,92,403,88,79
WOMEN,Outraging modesty (Molestation) (sec.354 IPC),5,May,486,2429,696,487
WOMEN,Kidnapping & Abduction of Women: (Sec.366 IPC),5,May,16,51,10,10
WOMEN,Insulting modesty (Eve-Teasing) (Sec.294 & 509 IPC if victim is a woman),5,May,36,160,12,41
WOMEN,Murder for Dowry - by burning (Sec.302 IPC),5,May,0,1,0,0
WOMEN,"Murder for Dowry - by other means
(Sec.302 IPC)",5,May,0,3,0,0
WOMEN,Murder for other reasons,5,May,29,162,43,40
WOMEN,Attempt to Commit Murder for dowry by burning (Sec.307 IPC),5,May,0,0,0,0
WOMEN,Attempt to Commit Murder for dowry by other means (Sec.307 IPC),5,May,2,11,4,2
WOMEN,Attempt to Commit murder for other reasons,5,May,0,417,86,96
WOMEN,"Dowry Death-by burning
(Sec.304-B IPC)",5,May,0,1,0,1
WOMEN,Dowry Death-by other Means (Sec.304(B) IPC),5,May,3,47,11,15
WOMEN,Cruelty by Husband or Relatives of Husband (Sec.498-A IPC),5,May,266,1203,304,243
WOMEN,Abetment of Suicide (Sec.306 IPC),5,May,0,0,0,0
WOMEN,Immoral Traffic (prevention) Act.,5,May,20,115,30,12
WOMEN,Indecent Representation of Women(Prohibition) Act-1986,5,May,0,0,0,0
WOMEN,Pornography,5,May,0,1,0,0
WOMEN,Offences against Public Servants (Sec.182-188-333-353 IPC),5,May,8,54,13,13
WOMEN,Offences related to Marriage,5,May,3,14,4,2
WOMEN,Cyber Crimes,5,May,382,1843,629,327
CHILDREN,"Infanticide/ Foeticide 
(Sec. 315 & 316 IPC)",5,May,1,3,0,0
CHILDREN,Rape on Minor,5,May,0,0,0,0
CHILDREN,Exposure & abandonment (Sec. 317 IPC),5,May,4,26,3,6
CHILDREN,Kidnapping & Abduction of Children,5,May,3,14,0,1
CHILDREN,Selling of girls for Prostitution (Sec.372 IPC),5,May,0,0,0,0
CHILDREN,The Prohibition of Child Marriage Act - 2006,5,May,30,85,17,19
CHILDREN,POCSO Act,5,May,344,1772,404,349
CHILDREN,Death of Children due to miscarriage,5,May,2,9,3,3
CHILDREN,Juvenile Justice Act,5,May,13,76,19,8
CHILDREN,Child Labour (Pro.& Reg.) Act,5,May,4,24,4,2
CHILDREN,Probation of Offenders Act,5,May,0,0,0,0
SCST,Murder,5,May,2,34,6,7
SCST,Rape,5,May,13,65,12,15
SCST,Kidnapping,5,May,9,66,20,7
SCST,Offences under the Protection of Civil Rights Act.,5,May,2,5,0,3
SCST,Offences under the SC & ST  (prevention of Atrocities)Act 1989 (if the victim is SC),5,May,152,762,135,160
IPC,"Murder (Sec.302/303 IPC/103,104 BNS)",6,June,99,635,92,113
IPC,ATTEMPT TO MURDER (Sec. 307 IPC/109BNS),6,June,325,1715,205,257
IPC,CULPABLE HOMICIDE NOT AMOUNTING TO MUDER (Sec.304 IPC/105 BNS),6,June,10,62,10,5
IPC,ATTEMPT TO CULPABLE HOMICIDE NOT AMOUNTING TO MURDER (Sec. 308 IPC/110 BNS),6,June,2,34,8,13
IPC,"RAPE (Sec.376, 376(A) to 376 (D) IPC/64 TO 71 BNS)",6,June,78,481,63,90
IPC,Sexual Intercourse by employing deceitful means (Sec 69 BNS),6,June,24,85,0,22
IPC,"KIDNAPPING AND ABDUCTION (Sec.360, 361, 363 to 369 IPC/137(1)(A),137(1)(B),137(2),140 TO 142,97 BNS)",6,June,428,2206,356,382
IPC,"DACOITY (Sec. 395 to 398 IPC/310(2),310(4),311,312 BNS)",6,June,10,99,29,15
IPC,"Robbery (Sec.392 to 394 IPC/309(4),309(5),309(6) BNS)",6,June,97,524,154,85
IPC,"BURGLARY - NIGHT (Sec. 380 IPC R/W 453 TO 460, 462 IPC/305,R/W 331(1) TO 331(8),334(2) BNS)",6,June,315,1886,415,334
IPC,"BURGLARY - DAY (Sec. 380 IPC R/W 453 TO 460, 462 IPC/305,R/W 331(1) TO 331(8), 334(2) BNS)",6,June,87,516,106,87
IPC,THEFT (Sec.379 to 389 IPC/303(2) TO 308(7) BNS),6,June,1684,10484,2020,1725
IPC,"RIOTS (Sec.141 to 153 IPC/189(1) TO 189(6),191(1)TO 191(3), 190,192,195 BNS))",6,June,352,1776,362,297
IPC,"OFFENCES AGAINST STATE (Sec. 121 to 130, except 124(A) IPC/147 TO 158 BNS)",6,June,0,0,0,0
IPC,"OFFENCES PROMOTING ENEMITY (Sec. 153(A), 154(B) & 505 IPC/196, 197 & 353 BNS",6,June,19,103,8,44
IPC,CRIMINAL BREACH OF TRUST (Sec. 406 to 409 IPC/316(2) to 316(5) BNS),6,June,69,350,48,61
IPC,"CHEATING (Sec.417 to 420 IPC/318(2)to 318(4), 319(2) BNS)",6,June,450,2858,659,467
IPC,"COUNTERFEITING (Sec. 231 to 263 (A), 489(A) to 489 (E) IPC/178 TO 185 BNS)",6,June,5,19,2,6
IPC,"FORGERY (Sec. 465, 468, 471, 473, 476, 477 & 477(A) IPC/336(2),336(3),340(2),341(2),342(2),343,
344 BNS)",6,June,48,308,47,52
IPC,"CASES OF HURT (Sec. 323 to 335 IPC except 328, 332, 333/115(2) TO 122(2) EXCEPT 121(1),121(2) BNS)",6,June,1436,8476,1483,1390
IPC,"ADULTERATION (Sec. 272, 273 to 276 IPC/274,275 TO 278 BNS)",6,June,2,13,1,2
IPC,AFFRAY (Sec. 160 IPC/194(2) BNS),6,June,50,348,43,57
IPC,"ARSON (Sec. 435, 436, 438 IPC/326(f),326(g),327(g) BNS)",6,June,10,107,21,15
IPC,"ASSAULT (Sec 356, 357 IPC/134,135 BNS)",6,June,2,13,2,4
IPC,COMMUNAL / RELIGION (Sec. 295 to 297 IPC/298 TO 301 BNS),6,June,19,139,20,29
IPC,"CRIMINAL CONSPIRACY (Sec. 120(B), 121(A) IPC/61(2),148 BNS)",6,June,1,10,5,1
IPC,CRIMINAL INTIMIDATION (Sec. 504 to 508 IPC/352 TO 354 BNS),6,June,296,1634,225,347
IPC,"CRIMINAL MISAPPROPRIATION (Sec. 403, 404 IPC/314,315 BNS)",6,June,3,10,1,2
IPC,CRIMINAL TRESPASS (Sec.447 to 452 IPC/329(3) TO 333 BNS),6,June,260,1359,250,215
IPC,CRUELTY BY HUSBAND (Sec. 498(A) IPC/85 BNS),6,June,270,1458,285,260
IPC,DOWRY DEATHS (Sec.304(B) IPC/80 BNS),6,June,7,60,10,6
IPC,DEATHS DUE TO RASHNESS/NEGLIGENCE (Sec.304(A) IPC/106 BNS),6,June,31,164,41,35
IPC,MOTOR VEHICLE ACCIDENTS FATAL (Sec.304(A) IPC/106 BNS),6,June,788,5891,871,1053
IPC,"MOTOR VEHICLE ACCIDENTS NON-FATAL (Sec.279, 337, 338 IPC/281,125(a),125(b) BNS)",6,June,2617,16047,2542,2836
IPC,"DEATHS-MISCARRIAGE (Sec.312, 313, 314 IPC/88,89,90 BNS)",6,June,4,13,5,2
IPC,"DEFENCE FORCES OFFENCES RELATING (also relating to desertion) (Sec.131 to 140, except 136 IPC/159 TO 168 EXCEPT 164 BNS)",6,June,0,0,0,0
IPC,"ESCAPE FROM LAWFUL CUSTODY AND RESISTANCE (Sec.224, 225, 225(B) IPC/262,263,265 BNS)",6,June,1,16,2,34
IPC,"IMPERSONATION (Sec.170, 171 IPC/204,205 BNS)",6,June,1,9,0,2
IPC,"MISCHIEF (Sec.427 to 440 except 434, 435, 436, 438 IPC/324(4) TO 324(6) BNS)",6,June,39,231,36,45
IPC,MOLESTATION (Sec.354 IPC/74 BNS),6,June,527,2963,624,490
IPC,POISONING-PROFESSIONAL (Sec. 328 IPC/123 BNS),6,June,2,9,0,1
IPC,PORNOGRAPHY (Sec.292 to 294 IPC/294 TO 296 BNS),6,June,3,7,0,0
IPC,PUBLIC JUSTICE (Sec.213 to 215 IPC/250 TO 252 BNS),6,June,0,2,0,0
IPC,"PUBLIC NUISANCE (Sec.291 and 510 IPC/293,355 BNS)",6,June,23,108,5,23
IPC,"PUBLIC SAFETY (Sec.269 to 271, 277, 283, 289 IPC/271 to 273, 279,285,291 BNS)",6,June,263,1408,394,161
IPC,"OFFENCES AGAINST PUBLIC SERVANTS (Public servant is a victim) (Sec 182-188, 332, 333, 353 IPC/217-223,121(1),121(2), 132 BNS)",6,June,91,613,62,100
IPC,"OFFENCES BY PUBLIC SERVANTS (EXCEPT CORRUPTION) (Public servant is accused) (Sec.128, 129, 167, 218, 221, 222 IPC/156,157,201,256,259,260 BNS)",6,June,0,2,1,1
IPC,"NEGLIGENT ACT (Sec.280 to 289, 336 to 338 except 283 IPC/282 to 291,125 to 125(b) except 285 BNS)",6,June,180,1630,192,158
IPC,RECEIVING OF STOLEN PROPERTY (Sec.411 to 414 IPC/317(2) TO 317(5) BNS),6,June,0,1,0,0
IPC,SEDITION (Sec. 124A IPC/IN BNS Deleted),6,June,0,0,0,0
IPC,INSULTING MODESTY OF WOMEN (EVE TEASING) (Sec.509 IPC/79 BNS),6,June,42,199,11,35
IPC,"SUICIDE (Sec.305, 306, 309 IPC/107,108 BNS)",6,June,52,387,62,55
IPC,UNNATURAL SEX (Sec.377 IPC/IN BNS Deleted),6,June,0,0,3,0
IPC,"WRONGFUL RESTRAINT/CONFINEMENT (Sec.341 to 348 IPC/126(2),127(2)-127(8) BNS)",6,June,53,264,27,52
IPC,"INFANTICIDE (Sec.315, 316 IPC/91,92 BNS)",6,June,1,4,0,1
IPC,"OFFENCES RELATED TO MARRIAGE (Sec.493 to 498 IPC/81,84 BNS)",6,June,5,23,3,4
IPC,"BUYING & SELLING MINOR FOR PROSTITUTION (Sec.372, 373 IPC/98,99 BNS)",6,June,0,0,0,0
IPC,DOCUMENTS & PROPERTY MARKS (Sec.483 to 489 IPC/346-350(2) BNS),6,June,0,0,0,0
IPC,DEFAMATION (Sec.500 to 502 IPC/350(2)-356(4) BNS),6,June,2,4,2,1
IPC,ELECTION(Sec.171(E) to 171(1) IPC/173-177 BNS),6,June,0,1,8,0
IPC,"SLAVERY (Sec.370, 371, 374 IPC/143,145,146 BNS)",6,June,1,2,0,0
IPC,Attempting to commit offences (Sec.511 IPC/62 BNS),6,June,18,119,16,25
IPC,ILLEGAL DETENTION (Sec.342 IPC/127(2) BNS),6,June,0,0,0,0
IPC,FALSE EVIDENCE (Sec.191 to 205 IPC/227-242 BNS),6,June,2,5,1,1
IPC,EXPOSURE AND ABANDONMENT OF CHILD (Sec.317 IPC/93 BNS),6,June,4,30,7,4
IPC,OF ABETMENT (Sec.107 to 120 IPC/45-60 BNS),6,June,4,11,1,1
IPC,"FAILURE TO APPEAR TO COURT (Sec.174A, 229A IPC/209,269 BNS)",6,June,140,1069,24,585
IPC,Concealment of birth by secret disposal of Child,6,June,3,27,6,4
IPC,ASSAULT OR USE OF CRIMINAL FORCE TO DISROBE WOMEN,6,June,1,2,1,0
IPC,Disobedience to Order Promulgated by Public/Servant,6,June,2,12,3,1
IPC,Human Trafficking,6,June,0,8,2,2
IPC,Giving false information respecting an offence committed,6,June,12,19,0,3
SLL,Petty Organised Crimes,6,June,0,0,0,0
SLL,ANTIQUES (CULTURAL PROPERTY),6,June,1,5,2,0
SLL,ARMS ACT 1959,6,June,1,6,3,2
SLL,ARMS ACT 1960,6,June,10,75,12,10
SLL,ARMS ACT 1961,6,June,1,5,2,2
SLL,ARMS ACT 1962,6,June,18,63,6,6
SLL,ARMS ACT 1963,6,June,0,3,0,0
SLL,ARMS ACT 1964,6,June,3,16,1,2
SLL,ARMS ACT 1965,6,June,2,6,0,0
SLL,ARMS ACT 1966,6,June,5,26,4,5
SLL,ANIMAL,6,June,144,452,104,86
SLL,CONSUMER,6,June,71,359,54,74
SLL,COPY RIGHT ACT 1957,6,June,8,71,15,6
SLL,COPY RIGHT ACT 1958,6,June,11,46,13,7
SLL,CIVIL RIGHTS,6,June,0,3,0,0
SLL,SCHEDULED CASTE AND THE SCHEDULED TRIBES,6,June,190,1120,152,177
SLL,CHILDREN ACT,6,June,48,236,52,50
SLL,PREVENTION OF CORRUPTION ACT 1988,6,June,0,0,0,0
SLL,PREVENTION OF CORRUPTION ACT 1989,6,June,1,1,0,0
SLL,PREVENTION OF CORRUPTION ACT 1990,6,June,0,0,0,0
SLL,PREVENTION OF CORRUPTION ACT 1991,6,June,0,0,0,0
SLL,PREVENTION OF CORRUPTION ACT 1992,6,June,0,1,0,1
SLL,PREVENTION OF CORRUPTION ACT 1993,6,June,0,0,0,0
SLL,PREVENTION OF CORRUPTION ACT 1994,6,June,0,0,0,0
SLL,PREVENTION OF CORRUPTION ACT 1995,6,June,0,0,0,0
SLL,CUSTOMS,6,June,0,0,0,0
SLL,Explosives,6,June,5,44,4,4
SLL,FOREIGN EXCHANGE,6,June,0,0,0,0
SLL,FOREIGNER,6,June,9,45,21,18
SLL,FOREST,6,June,1,5,0,1
SLL,HIJACKING,6,June,0,0,0,0
SLL,IMMORAL TRAFFIC,6,June,51,166,21,20
SLL,BONDED LABOUR SYSTEM,6,June,0,3,0,2
SLL,INDIAN MOTOR VEHICLE,6,June,6,50,13,4
SLL,NARCOTIC DRUGS & PSYCHOTROPIC SUBSTANCES ACT,6,June,662,2830,321,374
SLL,PASSPORT ACT,6,June,2,4,0,0
SLL,REPRESENTATIVE OF PEOPLE ACT 1951 & 1988,6,June,0,0,1,0
SLL,REPRESENTATIVE OF PEOPLE ACT 1951 & 1989,6,June,0,0,1,0
SLL,REPRESENTATIVE OF PEOPLE ACT 1951 & 1990,6,June,0,0,0,0
SLL,KARNATAKA POLICE ACT 1963,6,June,693,3386,409,605
SLL,KARNATAKA POLICE ACT 1964,6,June,635,3705,479,450
SLL,KARNATAKA POLICE ACT 1965,6,June,19,130,31,12
SLL,KARNATAKA POLICE ACT 1966,6,June,18,550,21,92
SLL,KARNATAKA POLICE ACT 1967,6,June,35,291,32,35
SLL,PREVENTION OF DAMAGE TO PUBLIC PROPERTY ACT 1984,6,June,15,59,18,5
SLL,"POST & TELEGRAPH, TELEGRAPH WIRES (UNLAWFUL POSSESSION) ACT 1980",6,June,0,0,1,0
SLL,OFFICIAL SECURITY RELATED ACTS,6,June,1,1,0,0
SLL,PREVENTION OF TERRORISM ACT (POTA),6,June,0,0,0,0
SLL,RAILWAYS ACT,6,June,0,1,0,0
SLL,UNLAWFUL ACTIVITIES (Prevention) Act 1967,6,June,0,0,0,0
SLL,CRIMES RELATED TO WOMEN,6,June,185,931,180,178
SLL,INDIAN LUNACY ACT,6,June,0,0,0,0
SLL,INDIAN ELECTRICITY ACT,6,June,2,8,0,0
SLL,"COTPA, CIGARETTES AND OTHER TOBACCO PRODUCTS",6,June,1198,2339,60,667
SLL,KARNATAKA STATE LOCAL ACTS,6,June,1309,6304,765,1009
SLL,CYBER CRIME (INFORMATION TECHNOLOGY ACT),6,June,1246,7293,2059,1194
SLL,NATIONAL SECURITY ACT,6,June,0,0,0,0
SLL,POCSO,6,June,309,2152,342,374
SLL,Aadhar Act,6,June,0,0,0,0
WOMEN,RAPE (Sec.376 IPC/64 BNS),6,June,78,481,63,90
WOMEN,Outraging modesty (Molestation) (sec.354 IPC/74 BNS),6,June,527,2693,624,490
WOMEN,Kidnapping & Abduction of Women: (Sec.366 IPC/87 BNS),6,June,9,59,14,15
WOMEN,Insulting modesty (Eve-Teasing) (Sec.294 & 509 IPC/296 & 79 BNS if victim is a woman),6,June,42,199,11,35
WOMEN,Murder for Dowry - by burning (Sec.302 IPC/103 BNS),6,June,0,1,0,0
WOMEN,"Murder for Dowry - by other means
(Sec.302 IPC/103 BNS)",6,June,0,4,1,0
WOMEN,Murder for other reasons,6,June,28,189,32,29
WOMEN,Attempt to Commit Murder for dowry by burning (Sec.307 IPC/109 BNS),6,June,0,0,0,0
WOMEN,Attempt to Commit Murder for dowry by other means (Sec.307 IPC/109 BNS),6,June,0,10,5,2
WOMEN,Attempt to Commit murder for other reasons,6,June,100,511,57,63
WOMEN,"Dowry Death-by burning
(Sec.304-B IPC/80 BNS)",6,June,0,1,0,0
WOMEN,Dowry Death-by other Means (Sec.304(B) IPC/80 BNS),6,June,7,59,10,6
WOMEN,Cruelty by Husband or Relatives of Husband (Sec.498-A IPC/85 BNS),6,June,270,1458,285,260
WOMEN,Abetment of Suicide (Sec.306 IPC/108 BNS),6,June,9,81,13,11
WOMEN,Immoral Traffic (prevention) Act.,6,June,51,166,21,20
WOMEN,Indecent Representation of Women(Prohibition) Act-1986,6,June,1,1,1,0
WOMEN,Pornography (Sec.292 to 294 IPC/294 TO 296 BNS),6,June,0,1,0,0
WOMEN,"Offences against Public Servants  (Sec 182-188,332,333,353IPC/217-223,121(1),121(2),132 BNS)",6,June,11,65,9,8
WOMEN,Offences related to Marriage,6,June,3,17,2,3
WOMEN,Cyber Crimes,6,June,389,2232,602,382
CHILDREN,"Infanticide/ Foeticide 
(Sec. 315 IPC/91 BNS)",6,June,1,4,0,1
CHILDREN,Rape on Minor,6,June,0,0,0,0
CHILDREN,Exposure & abandonment (Sec. 317 IPC/93 BNS),6,June,4,30,7,4
CHILDREN,Kidnapping & Abduction of Children,6,June,409,2065,329,349
CHILDREN,Selling of girls for Prostitution (Sec.372 IPC/98 BNS),6,June,0,0,0,0
CHILDREN,The Prohibition of Child Marriage Act - 2006,6,June,30,115,22,30
CHILDREN,POCSO Act,6,June,309,2152,342,374
CHILDREN,Death of Children due to miscarriage,6,June,4,13,5,2
CHILDREN,Juvenile Justice Act,6,June,6,85,11,16
CHILDREN,Child Labour (Pro.& Reg.) Act,6,June,12,36,19,4
CHILDREN,Probation of Offenders Act,6,June,0,0,0,0
SCST,Murder,6,June,6,41,7,2
SCST,Rape,6,June,13,77,14,14
SCST,Kidnapping,6,June,7,81,16,13
SCST,Offences under the Protection of Civil Rights Act.,6,June,0,5,0,2
SCST,Offences under the SC & ST  (prevention of Atrocities)Act 1989 (if the victim is SC),6,June,164,916,115,146
IPC,"Murder (Sec.302/303 IPC/103,104 BNS)",7,July,82,719,92,101
IPC,ATTEMPT TO MURDER (Sec. 307 IPC/109BNS),7,July,252,1948,185,320
IPC,CULPABLE HOMICIDE NOT AMOUNTING TO MUDER (Sec.304 IPC/105 BNS),7,July,2,63,15,11
IPC,ATTEMPT TO CULPABLE HOMICIDE NOT AMOUNTING TO MURDER (Sec. 308 IPC/110 BNS),7,July,5,38,3,2
IPC,"RAPE (Sec.376, 376(A) to 376 (D) IPC/64 TO 71 BNS)",7,July,69,549,67,79
IPC,Sexual Intercourse by employing deceitful means (Sec 69 BNS),7,July,20,104,1,22
IPC,"KIDNAPPING AND ABDUCTION (Sec.360, 361, 363 to 369 IPC/137(1)(A),137(1)(B),137(2),140 TO 142,97 BNS)",7,July,369,2500,285,383
IPC,"DACOITY (Sec. 395 to 398 IPC/310(2),310(4),311,312 BNS)",7,July,20,119,34,9
IPC,"Robbery (Sec.392 to 394 IPC/309(4),309(5),309(6) BNS)",7,July,95,618,122,96
IPC,"BURGLARY - NIGHT (Sec. 380 IPC R/W 453 TO 460, 462 IPC/305,R/W 331(1) TO 331(8),334(2) BNS)",7,July,346,2240,432,319
IPC,"BURGLARY - DAY (Sec. 380 IPC R/W 453 TO 460, 462 IPC/305,R/W 331(1) TO 331(8), 334(2) BNS)",7,July,96,610,77,88
IPC,THEFT (Sec.379 to 389 IPC/303(2) TO 308(7) BNS),7,July,1679,12121,1994,1664
IPC,"RIOTS (Sec.141 to 153 IPC/189(1) TO 189(6),191(1)TO 191(3), 190,192,195 BNS))",7,July,263,2049,240,358
IPC,"OFFENCES AGAINST STATE (Sec. 121 to 130, except 124(A) IPC/147 TO 158 BNS)",7,July,0,0,0,0
IPC,"OFFENCES PROMOTING ENEMITY (Sec. 153(A), 154(B) & 505 IPC/196, 197 & 353 BNS",7,July,12,114,7,19
IPC,CRIMINAL BREACH OF TRUST (Sec. 406 to 409 IPC/316(2) to 316(5) BNS),7,July,67,413,51,66
IPC,"CHEATING (Sec.417 to 420 IPC/318(2)to 318(4), 319(2) BNS)",7,July,502,3350,613,441
IPC,"COUNTERFEITING (Sec. 231 to 263 (A), 489(A) to 489 (E) IPC/178 TO 185 BNS)",7,July,4,23,1,5
IPC,"FORGERY (Sec. 465, 468, 471, 473, 476, 477 & 477(A) IPC/336(2),336(3),340(2),341(2),342(2),343,
344 BNS)",7,July,50,353,49,47
IPC,"CASES OF HURT (Sec. 323 to 335 IPC except 328, 332, 333/115(2) TO 122(2) EXCEPT 121(1),121(2) BNS)",7,July,1354,9838,1185,1436
IPC,"ADULTERATION (Sec. 272, 273 to 276 IPC/274,275 TO 278 BNS)",7,July,2,15,3,2
IPC,AFFRAY (Sec. 160 IPC/194(2) BNS),7,July,72,420,38,50
IPC,"ARSON (Sec. 435, 436, 438 IPC/326(f),326(g),327(g) BNS)",7,July,13,121,11,11
IPC,"ASSAULT (Sec 356, 357 IPC/134,135 BNS)",7,July,2,14,1,2
IPC,COMMUNAL / RELIGION (Sec. 295 to 297 IPC/298 TO 301 BNS),7,July,13,151,15,19
IPC,"CRIMINAL CONSPIRACY (Sec. 120(B), 121(A) IPC/61(2),148 BNS)",7,July,0,9,0,1
IPC,CRIMINAL INTIMIDATION (Sec. 504 to 508 IPC/352 TO 354 BNS),7,July,263,1893,237,292
IPC,"CRIMINAL MISAPPROPRIATION (Sec. 403, 404 IPC/314,315 BNS)",7,July,0,10,1,3
IPC,CRIMINAL TRESPASS (Sec.447 to 452 IPC/329(3) TO 333 BNS),7,July,288,1647,215,259
IPC,CRUELTY BY HUSBAND (Sec. 498(A) IPC/85 BNS),7,July,262,1677,219,249
IPC,DOWRY DEATHS (Sec.304(B) IPC/80 BNS),7,July,12,70,10,7
IPC,DEATHS DUE TO RASHNESS/NEGLIGENCE (Sec.304(A) IPC/106 BNS),7,July,24,191,31,33
IPC,MOTOR VEHICLE ACCIDENTS FATAL (Sec.304(A) IPC/106 BNS),7,July,747,6742,805,867
IPC,"MOTOR VEHICLE ACCIDENTS NON-FATAL (Sec.279, 337, 338 IPC/281,125(a),125(b) BNS)",7,July,2462,18407,2303,2541
IPC,"DEATHS-MISCARRIAGE (Sec.312, 313, 314 IPC/88,89,90 BNS)",7,July,1,13,2,3
IPC,"DEFENCE FORCES OFFENCES RELATING (also relating to desertion) (Sec.131 to 140, except 136 IPC/159 TO 168 EXCEPT 164 BNS)",7,July,0,0,0,0
IPC,"ESCAPE FROM LAWFUL CUSTODY AND RESISTANCE (Sec.224, 225, 225(B) IPC/262,263,265 BNS)",7,July,6,22,4,1
IPC,"IMPERSONATION (Sec.170, 171 IPC/204,205 BNS)",7,July,0,9,0,1
IPC,"MISCHIEF (Sec.427 to 440 except 434, 435, 436, 438 IPC/324(4) TO 324(6) BNS)",7,July,44,275,33,38
IPC,MOLESTATION (Sec.354 IPC/74 BNS),7,July,487,3453,430,525
IPC,POISONING-PROFESSIONAL (Sec. 328 IPC/123 BNS),7,July,1,10,2,2
IPC,PORNOGRAPHY (Sec.292 to 294 IPC/294 TO 296 BNS),7,July,9,16,0,3
IPC,PUBLIC JUSTICE (Sec.213 to 215 IPC/250 TO 252 BNS),7,July,1,3,1,0
IPC,"PUBLIC NUISANCE (Sec.291 and 510 IPC/293,355 BNS)",7,July,24,132,14,23
IPC,"PUBLIC SAFETY (Sec.269 to 271, 277, 283, 289 IPC/271 to 273, 279,285,291 BNS)",7,July,388,1797,135,264
IPC,"OFFENCES AGAINST PUBLIC SERVANTS (Public servant is a victim) (Sec 182-188, 332, 333, 353 IPC/217-223,121(1),121(2), 132 BNS)",7,July,95,711,70,93
IPC,"OFFENCES BY PUBLIC SERVANTS (EXCEPT CORRUPTION) (Public servant is accused) (Sec.128, 129, 167, 218, 221, 222 IPC/156,157,201,256,259,260 BNS)",7,July,0,2,1,0
IPC,"NEGLIGENT ACT (Sec.280 to 289, 336 to 338 except 283 IPC/282 to 291,125 to 125(b) except 285 BNS)",7,July,205,1834,175,177
IPC,RECEIVING OF STOLEN PROPERTY (Sec.411 to 414 IPC/317(2) TO 317(5) BNS),7,July,0,1,0,0
IPC,SEDITION (Sec. 124A IPC/IN BNS Deleted),7,July,0,0,0,0
IPC,INSULTING MODESTY OF WOMEN (EVE TEASING) (Sec.509 IPC/79 BNS),7,July,32,228,27,39
IPC,"SUICIDE (Sec.305, 306, 309 IPC/107,108 BNS)",7,July,65,453,55,52
IPC,UNNATURAL SEX (Sec.377 IPC/IN BNS Deleted),7,July,0,0,0,0
IPC,"WRONGFUL RESTRAINT/CONFINEMENT (Sec.341 to 348 IPC/126(2),127(2)-127(8) BNS)",7,July,57,311,39,52
IPC,"INFANTICIDE (Sec.315, 316 IPC/91,92 BNS)",7,July,1,5,0,1
IPC,"OFFENCES RELATED TO MARRIAGE (Sec.493 to 498 IPC/81,84 BNS)",7,July,3,26,3,5
IPC,"BUYING & SELLING MINOR FOR PROSTITUTION (Sec.372, 373 IPC/98,99 BNS)",7,July,0,0,0,0
IPC,DOCUMENTS & PROPERTY MARKS (Sec.483 to 489 IPC/346-350(2) BNS),7,July,0,0,2,0
IPC,DEFAMATION (Sec.500 to 502 IPC/350(2)-356(4) BNS),7,July,0,4,0,2
IPC,ELECTION(Sec.171(E) to 171(1) IPC/173-177 BNS),7,July,0,1,1,0
IPC,"SLAVERY (Sec.370, 371, 374 IPC/143,145,146 BNS)",7,July,1,3,0,1
IPC,Attempting to commit offences (Sec.511 IPC/62 BNS),7,July,13,129,25,16
IPC,ILLEGAL DETENTION (Sec.342 IPC/127(2) BNS),7,July,0,0,0,0
IPC,FALSE EVIDENCE (Sec.191 to 205 IPC/227-242 BNS),7,July,1,5,0,1
IPC,EXPOSURE AND ABANDONMENT OF CHILD (Sec.317 IPC/93 BNS),7,July,7,37,7,4
IPC,OF ABETMENT (Sec.107 to 120 IPC/45-60 BNS),7,July,1,12,1,4
IPC,"FAILURE TO APPEAR TO COURT (Sec.174A, 229A IPC/209,269 BNS)",7,July,80,1149,32,140
IPC,Concealment of birth by secret disposal of Child,7,July,4,31,3,3
IPC,ASSAULT OR USE OF CRIMINAL FORCE TO DISROBE WOMEN,7,July,2,4,1,1
IPC,Disobedience to Order Promulgated by Public/Servant,7,July,4,16,4,2
IPC,Human Trafficking,7,July,0,7,2,0
IPC,Giving false information respecting an offence committed,7,July,3,23,0,12
IPC,Harbouring Offender,7,July,0,2,0,0
SLL,Petty Organised Crimes,7,July,0,0,0,0
SLL,ANTIQUES (CULTURAL PROPERTY),7,July,0,5,0,1
SLL,ARMS ACT 1959,7,July,2,8,2,1
SLL,ARMS ACT 1960,7,July,17,92,13,10
SLL,ARMS ACT 1961,7,July,5,10,3,1
SLL,ARMS ACT 1962,7,July,11,74,7,18
SLL,ARMS ACT 1963,7,July,1,4,0,0
SLL,ARMS ACT 1964,7,July,2,18,4,3
SLL,ARMS ACT 1965,7,July,1,7,0,2
SLL,ARMS ACT 1966,7,July,1,27,2,5
SLL,ANIMAL,7,July,35,268,24,77
SLL,CINEMATOGRAPHY ACT 1952,7,July,0,0,0,0
SLL,CINEMATOGRAPHY ACT 1953,7,July,0,0,0,0
SLL,CONSUMER,7,July,88,448,36,72
SLL,COPY RIGHT ACT 1957,7,July,13,84,11,8
SLL,COPY RIGHT ACT 1958,7,July,5,51,3,11
SLL,CIVIL RIGHTS,7,July,1,4,0,0
SLL,SCHEDULED CASTE AND THE SCHEDULED TRIBES,7,July,218,1341,161,192
SLL,CHILDREN ACT,7,July,47,273,29,44
SLL,PREVENTION OF CORRUPTION ACT 1988,7,July,0,0,0,0
SLL,PREVENTION OF CORRUPTION ACT 1989,7,July,0,1,0,1
SLL,PREVENTION OF CORRUPTION ACT 1990,7,July,0,0,0,0
SLL,PREVENTION OF CORRUPTION ACT 1991,7,July,0,0,0,0
SLL,PREVENTION OF CORRUPTION ACT 1992,7,July,0,1,0,0
SLL,PREVENTION OF CORRUPTION ACT 1993,7,July,0,0,0,0
SLL,PREVENTION OF CORRUPTION ACT 1994,7,July,0,0,0,0
SLL,PREVENTION OF CORRUPTION ACT 1995,7,July,0,0,0,0
SLL,CUSTOMS,7,July,0,0,0,0
SLL,Explosives,7,July,14,58,6,5
SLL,FOREIGN EXCHANGE,7,July,0,0,0,0
SLL,FOREIGNER,7,July,15,60,4,9
SLL,FOREST,7,July,1,6,0,1
SLL,HIJACKING,7,July,0,0,0,0
SLL,IMMORAL TRAFFIC,7,July,37,203,24,50
SLL,BONDED LABOUR SYSTEM,7,July,0,3,1,0
SLL,INDIAN MOTOR VEHICLE,7,July,6,54,3,5
SLL,NARCOTIC DRUGS & PSYCHOTROPIC SUBSTANCES ACT,7,July,701,3531,354,662
SLL,PASSPORT ACT,7,July,0,4,1,2
SLL,KARNATAKA POLICE ACT 1963,7,July,529,3916,371,694
SLL,KARNATAKA POLICE ACT 1964,7,July,560,4269,456,636
SLL,KARNATAKA POLICE ACT 1965,7,July,24,154,28,19
SLL,KARNATAKA POLICE ACT 1966,7,July,6,556,7,18
SLL,KARNATAKA POLICE ACT 1967,7,July,47,335,47,34
SLL,PREVENTION OF DAMAGE TO PUBLIC PROPERTY ACT 1984,7,July,5,64,17,15
SLL,"POST & TELEGRAPH, TELEGRAPH WIRES (UNLAWFUL POSSESSION) ACT 1980",7,July,0,0,0,0
SLL,OFFICIAL SECURITY RELATED ACTS,7,July,0,1,0,1
SLL,PREVENTION OF TERRORISM ACT (POTA),7,July,0,0,0,0
SLL,RAILWAYS ACT,7,July,0,1,0,0
SLL,UNLAWFUL ACTIVITIES (Prevention) Act 1967,7,July,0,0,0,0
SLL,CRIMES RELATED TO WOMEN,7,July,184,1134,151,191
SLL,INDIAN LUNACY ACT,7,July,0,0,0,0
SLL,INDIAN ELECTRICITY ACT,7,July,0,8,2,2
SLL,"COTPA, CIGARETTES AND OTHER TOBACCO PRODUCTS",7,July,107,2446,133,1198
SLL,KARNATAKA STATE LOCAL ACTS,7,July,3173,23090,3537,3868
SLL,NATIONAL SECURITY ACT,7,July,0,0,0,0
SLL,POCSO,7,July,337,2547,335,347
SLL,Aadhar Act,7,July,0,0,0,0
WOMEN,RAPE (Sec.376 IPC/64 BNS),7,July,69,549,67,79
WOMEN,Outraging modesty (Molestation) (sec.354 IPC/74 BNS),7,July,487,3453,430,525
WOMEN,Kidnapping & Abduction of Women: (Sec.366 IPC/87 BNS),7,July,8,67,15,10
WOMEN,Insulting modesty (Eve-Teasing) (Sec.294 & 509 IPC/296 & 79 BNS if victim is a woman),7,July,32,228,27,39
WOMEN,Murder for Dowry - by burning (Sec.302 IPC/103 BNS),7,July,0,1,0,0
WOMEN,"Murder for Dowry - by other means
(Sec.302 IPC/103 BNS)",7,July,1,5,3,0
WOMEN,Murder for other reasons,7,July,19,210,24,29
WOMEN,Attempt to Commit Murder for dowry by burning (Sec.307 IPC/109 BNS),7,July,0,1,0,0
WOMEN,Attempt to Commit Murder for dowry by other means (Sec.307 IPC/109 BNS),7,July,2,12,2,0
WOMEN,Attempt to Commit murder for other reasons,7,July,66,575,47,99
WOMEN,"Dowry Death-by burning
(Sec.304-B IPC/80 BNS)",7,July,0,1,0,0
WOMEN,Dowry Death-by other Means (Sec.304(B) IPC/80 BNS),7,July,12,69,10,7
WOMEN,Cruelty by Husband or Relatives of Husband (Sec.498-A IPC/85 BNS),7,July,262,1677,219,249
WOMEN,Abetment of Suicide (Sec.306 IPC/108 BNS),7,July,18,98,13,10
WOMEN,Immoral Traffic (prevention) Act.,7,July,37,203,24,50
WOMEN,Indecent Representation of Women(Prohibition) Act-1986,7,July,184,1134,151,191
WOMEN,Pornography (Sec.292 to 294 IPC/294 TO 296 BNS),7,July,0,1,0,0
WOMEN,"Offences against Public Servants  (Sec 182-188,332,333,353IPC/217-223,121(1),121(2),132 BNS)",7,July,12,78,6,12
WOMEN,Offences related to Marriage,7,July,2,19,3,3
WOMEN,Cyber Crimes,7,July,403,2635,628,389
CHILDREN,"Infanticide/ Foeticide 
(Sec. 315 IPC/91 BNS)",7,July,1,5,0,1
CHILDREN,Rape on Minor,7,July,0,0,0,0
CHILDREN,Exposure & abandonment (Sec. 317 IPC/93 BNS),7,July,7,37,7,4
CHILDREN,Kidnapping & Abduction of Children,7,July,0,16,3,3
CHILDREN,Selling of girls for Prostitution (Sec.372 IPC/98 BNS),7,July,0,0,0,0
CHILDREN,The Prohibition of Child Marriage Act - 2006,7,July,18,123,15,26
CHILDREN,POCSO Act,7,July,337,2547,335,347
CHILDREN,Death of Children due to miscarriage,7,July,1,13,2,3
CHILDREN,Juvenile Justice Act,7,July,12,97,7,6
CHILDREN,Child Labour (Pro.& Reg.) Act,7,July,17,53,7,12
CHILDREN,Probation of Offenders Act,7,July,0,0,0,0
SCST,Murder,7,July,5,48,6,6
SCST,Rape,7,July,12,89,9,13
SCST,Kidnapping,7,July,16,104,11,12
SCST,Offences under the Protection of Civil Rights Act.,7,July,1,6,0,0
SCST,Offences under the SC & ST  (prevention of Atrocities)Act 1989 (if the victim is SC),7,July,184,1094,135,161
IPC,"Murder (Sec.302/303 IPC/103,104 BNS)",8,August,97,822,91,85
IPC,ATTEMPT TO MURDER (Sec. 307 IPC/109BNS),8,August,261,2186,223,245
IPC,CULPABLE HOMICIDE NOT AMOUNTING TO MUDER (Sec.304 IPC/105 BNS),8,August,10,86,11,4
IPC,ATTEMPT TO CULPABLE HOMICIDE NOT AMOUNTING TO MURDER (Sec. 308 IPC/110 BNS),8,August,6,43,4,5
IPC,"RAPE (Sec.376, 376(A) to 376 (D) IPC/64 TO 71 BNS)",8,August,82,629,61,69
IPC,Sexual Intercourse by employing deceitful means (Se 69 BNS),8,August,23,127,3,20
IPC,"KIDNAPPING AND ABDUCTION (Sec.360, 361, 363 to 369 IPC/137(1)(A),137(1)(B),137(2),140 TO 142,97 BNS)",8,August,366,2812,345,329
IPC,"DACOITY (Sec. 395 to 398 IPC/310(2),310(4),311,312 BNS)",8,August,12,130,29,20
IPC,"Robbery (Sec.392 to 394 IPC/309(4),309(5),309(6) BNS)",8,August,80,697,117,95
IPC,"BURGLARY - NIGHT (Sec. 380 IPC R/W 453 TO 460, 462 IPC/305,R/W 331(1) TO 331(8),334(2) BNS)",8,August,347,2589,322,349
IPC,"BURGLARY - DAY (Sec. 380 IPC R/W 453 TO 460, 462 IPC/305,R/W 331(1) TO 331(8), 334(2) BNS)",8,August,91,701,110,95
IPC,THEFT (Sec.379 to 389 IPC/303(2) TO 308(7) BNS),8,August,1569,13677,1802,1673
IPC,"RIOTS (Sec.141 to 153 IPC/189(1) TO 189(6),191(1)TO 191(3), 190,192,195 BNS))",8,August,287,2340,222,267
IPC,"OFFENCES AGAINST STATE (Sec. 121 to 130, except 124(A) IPC/147 TO 158 BNS)",8,August,0,0,0,0
IPC,"OFFENCES PROMOTING ENEMITY (Sec. 153(A), 154(B) & 505 IPC/196, 197 & 353 BNS",8,August,19,133,3,12
IPC,CRIMINAL BREACH OF TRUST (Sec. 406 to 409 IPC/316(2) to 316(5) BNS),8,August,63,477,60,67
IPC,"CHEATING (Sec.417 to 420 IPC/318(2)to 318(4), 319(2) BNS)",8,August,377,3724,516,500
IPC,"COUNTERFEITING (Sec. 231 to 263 (A), 489(A) to 489 (E) IPC/178 TO 185 BNS)",8,August,2,25,4,4
IPC,"FORGERY (Sec. 465, 468, 471, 473, 476, 477 & 477(A) IPC/336(2),336(3),340(2),341(2),342(2),343,
344 BNS)",8,August,48,400,30,49
IPC,"CASES OF HURT (Sec. 323 to 335 IPC except 328, 332, 333/115(2) TO 122(2) EXCEPT 121(1),121(2) BNS)",8,August,1235,11090,1260,1353
IPC,"ADULTERATION (Sec. 272, 273 to 276 IPC/274,275 TO 278 BNS)",8,August,3,17,1,1
IPC,AFFRAY (Sec. 160 IPC/194(2) BNS),8,August,53,474,45,72
IPC,"ARSON (Sec. 435, 436, 438 IPC/326(f),326(g),327(g) BNS)",8,August,15,137,10,14
IPC,"ASSAULT (Sec 356, 357 IPC/134,135 BNS)",8,August,3,17,2,2
IPC,COMMUNAL / RELIGION (Sec. 295 to 297 IPC/298 TO 301 BNS),8,August,26,177,16,13
IPC,"CRIMINAL CONSPIRACY (Sec. 120(B), 121(A) IPC/61(2),148 BNS)",8,August,0,9,1,0
IPC,CRIMINAL INTIMIDATION (Sec. 504 to 508 IPC/352 TO 354 BNS),8,August,255,2153,252,264
IPC,"CRIMINAL MISAPPROPRIATION (Sec. 403, 404 IPC/314,315 BNS)",8,August,1,11,0,0
IPC,CRIMINAL TRESPASS (Sec.447 to 452 IPC/329(3) TO 333 BNS),8,August,239,1876,214,285
IPC,CRUELTY BY HUSBAND (Sec. 498(A) IPC/85 BNS),8,August,241,1899,230,250
IPC,DOWRY DEATHS (Sec.304(B) IPC/80 BNS),8,August,10,79,9,12
IPC,DEATHS DUE TO RASHNESS/NEGLIGENCE (Sec.304(A) IPC/106 BNS),8,August,24,215,24,24
IPC,MOTOR VEHICLE ACCIDENTS FATAL (Sec.304(A) IPC/106 BNS),8,August,773,7599,842,790
IPC,"MOTOR VEHICLE ACCIDENTS NON-FATAL (Sec.279, 337, 338 IPC/281,125(a),125(b) BNS)",8,August,2571,20901,2474,2424
IPC,"DEATHS-MISCARRIAGE (Sec.312, 313, 314 IPC/88,89,90 BNS)",8,August,2,15,1,1
IPC,"DEFENCE FORCES OFFENCES RELATING (also relating to desertion) (Sec.131 to 140, except 136 IPC/159 TO 168 EXCEPT 164 BNS)",8,August,2,24,4,6
IPC,"IMPERSONATION (Sec.170, 171 IPC/204,205 BNS)",8,August,3,12,1,0
IPC,"MISCHIEF (Sec.427 to 440 except 434, 435, 436, 438 IPC/324(4) TO 324(6) BNS)",8,August,44,319,38,45
IPC,MOLESTATION (Sec.354 IPC/74 BNS),8,August,447,3901,479,489
IPC,POISONING-PROFESSIONAL (Sec. 328 IPC/123 BNS),8,August,1,11,0,1
IPC,PORNOGRAPHY (Sec.292 to 294 IPC/294 TO 296 BNS),8,August,7,23,0,9
IPC,PUBLIC JUSTICE (Sec.213 to 215 IPC/250 TO 252 BNS),8,August,3,6,0,1
IPC,"PUBLIC NUISANCE (Sec.291 and 510 IPC/293,355 BNS)",8,August,26,159,5,24
IPC,"PUBLIC SAFETY (Sec.269 to 271, 277, 283, 289 IPC/271 to 273, 279,285,291 BNS)",8,August,911,2724,227,393
IPC,"OFFENCES AGAINST PUBLIC SERVANTS (Public servant is a victim) (Sec 182-188, 332, 333, 353 IPC/217-223,121(1),121(2), 132 BNS)",8,August,88,800,84,96
IPC,"OFFENCES BY PUBLIC SERVANTS (EXCEPT CORRUPTION) (Public servant is accused) (Sec.128, 129, 167, 218, 221, 222 IPC/156,157,201,256,259,260 BNS)",8,August,0,2,0,0
IPC,"NEGLIGENT ACT (Sec.280 to 289, 336 to 338 except 283 IPC/282 to 291,125 to 125(b) except 285 BNS)",8,August,424,2377,568,267
IPC,RECEIVING OF STOLEN PROPERTY (Sec.411 to 414 IPC/317(2) TO 317(5) BNS),8,August,1,2,0,0
IPC,SEDITION (Sec. 124A IPC/IN BNS Deleted),8,August,0,0,0,0
IPC,INSULTING MODESTY OF WOMEN (EVE TEASING) (Sec.509 IPC/79 BNS),8,August,32,263,13,33
IPC,"SUICIDE (Sec.305, 306, 309 IPC/107,108 BNS)",8,August,57,513,55,66
IPC,UNNATURAL SEX (Sec.377 IPC/IN BNS Deleted),8,August,0,0,0,0
IPC,"WRONGFUL RESTRAINT/CONFINEMENT (Sec.341 to 348 IPC/126(2),127(2)-127(8) BNS)",8,August,43,354,49,57
IPC,"INFANTICIDE (Sec.315, 316 IPC/91,92 BNS)",8,August,0,5,1,1
IPC,"OFFENCES RELATED TO MARRIAGE (Sec.493 to 498 IPC/81,84 BNS)",8,August,3,29,0,3
IPC,"BUYING & SELLING MINOR FOR PROSTITUTION (Sec.372, 373 IPC/98,99 BNS)",8,August,0,0,0,0
IPC,DOCUMENTS & PROPERTY MARKS (Sec.483 to 489 IPC/346-350(2) BNS),8,August,1,1,0,0
IPC,DEFAMATION (Sec.500 to 502 IPC/350(2)-356(4) BNS),8,August,1,2,1,0
IPC,ELECTION(Sec.171(E) to 171(1) IPC/173-177 BNS),8,August,4,5,1,0
IPC,"SLAVERY (Sec.370, 371, 374 IPC/143,145,146 BNS)",8,August,0,3,0,1
IPC,Attempting to commit offences (Sec.511 IPC/62 BNS),8,August,20,147,22,11
IPC,ILLEGAL DETENTION (Sec.342 IPC/127(2) BNS),8,August,0,0,0,0
IPC,FALSE EVIDENCE (Sec.191 to 205 IPC/227-242 BNS),8,August,0,5,0,1
IPC,EXPOSURE AND ABANDONMENT OF CHILD (Sec.317 IPC/93 BNS),8,August,8,45,5,7
IPC,OF ABETMENT (Sec.107 to 120 IPC/45-60 BNS),8,August,3,15,1,1
IPC,"FAILURE TO APPEAR TO COURT (Sec.174A, 229A IPC/209,269 BNS)",8,August,39,1188,44,80
IPC,Concealment of birth by secret disposal of Child,8,August,3,34,4,4
IPC,ASSAULT OR USE OF CRIMINAL FORCE TO DISROBE WOMEN,8,August,0,4,1,2
IPC,Disobedience to Order Promulgated by Public/Servant,8,August,3,19,0,4
IPC,Human Trafficking,8,August,1,9,0,0
IPC,Giving false information respecting an offence committed,8,August,1,24,1,3
IPC,Harbouring offender,8,August,0,2,0,0
IPC,Pettry Organised Crimes,8,August,6,126,20,12
IPC,Public Servant in Judicial proceeding,8,August,0,1,0,1
IPC,"The Indian Stamp Act, 1899",8,August,0,0,0,0
SLL,ANTIQUES (CULTURAL PROPERTY),8,August,0,5,0,0
SLL,ARMS ACT 1959,8,August,3,11,0,2
SLL,ARMS ACT 1960,8,August,14,106,6,17
SLL,ARMS ACT 1961,8,August,3,13,0,5
SLL,ARMS ACT 1962,8,August,10,84,9,11
SLL,ARMS ACT 1963,8,August,0,4,0,1
SLL,ARMS ACT 1964,8,August,1,19,1,2
SLL,ARMS ACT 1965,8,August,0,7,1,1
SLL,ARMS ACT 1966,8,August,3,30,3,1
SLL,ANIMAL,8,August,28,295,25,34
SLL,CINEMATOGRAPHY ACT 1952,8,August,0,0,0,0
SLL,CINEMATOGRAPHY ACT 1953,8,August,0,0,0,0
SLL,CONSUMER,8,August,87,535,32,88
SLL,COPY RIGHT ACT 1957,8,August,16,100,14,13
SLL,COPY RIGHT ACT 1958,8,August,3,54,7,5
SLL,CIVIL RIGHTS,8,August,0,4,0,1
SLL,SCHEDULED CASTE AND THE SCHEDULED TRIBES,8,August,168,1511,168,219
SLL,CHILDREN ACT,8,August,33,305,55,45
SLL,Protection of Children from Sexual Offences Act 2012 (POCSO),8,August,0,0,0,0
SLL,PREVENTION OF CORRUPTION ACT 1988,8,August,0,0,0,0
SLL,PREVENTION OF CORRUPTION ACT 1989,8,August,0,1,0,0
SLL,PREVENTION OF CORRUPTION ACT 1990,8,August,0,0,0,0
SLL,PREVENTION OF CORRUPTION ACT 1991,8,August,0,0,0,0
SLL,PREVENTION OF CORRUPTION ACT 1992,8,August,0,1,0,0
SLL,PREVENTION OF CORRUPTION ACT 1993,8,August,0,0,0,0
SLL,PREVENTION OF CORRUPTION ACT 1994,8,August,0,0,0,0
SLL,PREVENTION OF CORRUPTION ACT 1995,8,August,0,0,0,0
SLL,CUSTOMS,8,August,0,0,0,0
SLL,Explosives,8,August,4,63,10,15
SLL,FOREIGN EXCHANGE,8,August,0,0,0,0
SLL,FOREIGNER,8,August,10,70,1,15
SLL,FOREST,8,August,3,9,2,1
SLL,HIJACKING,8,August,0,0,0,0
SLL,IMMORAL TRAFFIC,8,August,23,226,15,37
SLL,BONDED LABOUR SYSTEM,8,August,1,4,0,0
SLL,INDIAN MOTOR VEHICLE,8,August,6,56,237,3
SLL,NARCOTIC DRUGS & PSYCHOTROPIC SUBSTANCES ACT,8,August,739,4270,437,701
SLL,PASSPORT ACT,8,August,0,4,1,0
SLL,REPRESENTATIVE OF PEOPLE ACT 1951 & 1988,8,August,0,0,0,0
SLL,REPRESENTATIVE OF PEOPLE ACT 1951 & 1989,8,August,0,0,1,0
SLL,REPRESENTATIVE OF PEOPLE ACT 1951 & 1990,8,August,0,0,0,0
SLL,KARNATAKA POLICE ACT 1963,8,August,451,4364,482,527
SLL,KARNATAKA POLICE ACT 1964,8,August,517,4789,479,562
SLL,KARNATAKA POLICE ACT 1965,8,August,22,176,21,24
SLL,KARNATAKA POLICE ACT 1966,8,August,3,561,10,7
SLL,KARNATAKA POLICE ACT 1967,8,August,34,368,37,47
SLL,PREVENTION OF DAMAGE TO PUBLIC PROPERTY ACT 1984,8,August,10,73,11,5
SLL,"POST & TELEGRAPH, TELEGRAPH WIRES (UNLAWFUL POSSESSION) ACT 1980",8,August,0,0,1,0
SLL,OFFICIAL SECURITY RELATED ACTS,8,August,0,1,0,0
SLL,PREVENTION OF TERRORISM ACT (POTA),8,August,0,0,0,0
SLL,RAILWAYS ACT,8,August,1,2,0,0
SLL,UNLAWFUL ACTIVITIES (Prevention) Act 1967,8,August,0,0,0,0
SLL,CRIMES RELATED TO WOMEN,8,August,134,1290,140,196
SLL,INDIAN LUNACY ACT,8,August,0,0,0,0
SLL,INDIAN ELECTRICITY ACT,8,August,0,9,2,0
SLL,"COTPA, CIGARETTES AND OTHER TOBACCO PRODUCTS",8,August,92,2539,111,108
SLL,KARNATAKA STATE LOCAL ACTS,8,August,843,8083,653,931
SLL,CYBER CRIME (INFORMATION TECHNOLOGY ACT),8,August,1264,9890,1823,1320
SLL,NATIONAL SECURITY ACT,8,August,0,0,0,0
SLL,POCSO,8,August,332,2929,354,376
SLL,Aadhar Act,8,August,0,0,0,0
WOMEN,Rape (Sec. 376 IPC),8,August,82,629,61,69
WOMEN,Outraging modesty (Molestation) (sec.354 IPC),8,August,447,3901,479,489
WOMEN,Kidnapping & Abduction of Women: (Sec.366 IPC),8,August,13,80,9,8
WOMEN,Insulting modesty (Eve-Teasing) (Sec.294 & 509 IPC if victim is a woman),8,August,32,263,13,33
WOMEN,Murder for Dowry - by burning (Sec.302 IPC),8,August,0,1,0,0
WOMEN,"Murder for Dowry - by other means
(Sec.302 IPC)",8,August,0,4,2,0
WOMEN,Murder for other reasons,8,August,34,247,27,20
WOMEN,Attempt to Commit Murder for dowry by burning (Sec.307 IPC),8,August,0,1,0,0
WOMEN,Attempt to Commit Murder for dowry by other means (Sec.307 IPC),8,August,0,11,4,1
WOMEN,Attempt to Commit murder for other reasons,8,August,87,656,57,67
WOMEN,"Dowry Death-by burning
(Sec.304-B IPC)",8,August,0,1,0,0
WOMEN,Dowry Death-by other Means (Sec.304(B) IPC),8,August,10,78,9,12
WOMEN,Cruelty by Husband or Relatives of Husband (Sec.498-A IPC),8,August,241,1899,230,250
WOMEN,Abetment of Suicide (Sec.306 IPC),8,August,12,112,20,18
WOMEN,Immoral Traffic (prevention) Act.,8,August,23,226,15,37
WOMEN,Indecent Representation of Women(Prohibition) Act-1986,8,August,0,1,0,0
WOMEN,Pornography,8,August,0,1,0,0
WOMEN,Offences against Public Servants (Sec.182-188-333-353 IPC),8,August,13,92,7,12
WOMEN,Offences related to Marriage,8,August,2,21,0,2
WOMEN,Cyber Crimes,8,August,352,2991,544,405
CHILDREN,"Infanticide/ Foeticide 
(Sec. 315 & 316 IPC)",8,August,0,5,1,1
CHILDREN,Rape on Minor,8,August,0,0,0,0
CHILDREN,Exposure & abandonment (Sec. 317 IPC),8,August,6,26,4,5
CHILDREN,Kidnapping & Abduction of Children,8,August,339,2601,322,297
CHILDREN,For Ransom - of Children,8,August,0,5,0,0
CHILDREN,of Children - for begging,8,August,0,0,0,0
CHILDREN,of Girls - Immoral Purpose,8,August,0,0,0,0
CHILDREN,With intent to Steal from Child,8,August,0,0,0,0
CHILDREN,Lawful Guardianship,8,August,1,2,1,0
CHILDREN,Procuration of Minor Girls - For Prostitution,8,August,0,0,0,0
CHILDREN,Procuration of Minor Girls - Importing of Girl,8,August,0,0,0,0
CHILDREN,Procuration of Minor Girls - For Other Purposes,8,August,1,9,0,0
CHILDREN,Sub Total,8,August,341,2617,323,297
CHILDREN,Selling of girls for Prostitution (Sec.372 IPC),8,August,0,0,0,0
CHILDREN,The Prohibition of Child Marriage Act - 2006,8,August,19,140,14,16
CHILDREN,POCSO Act,8,August,332,2929,354,376
CHILDREN,Death of Children due to miscarriage,8,August,2,15,1,1
CHILDREN,Juvenile Justice Act,8,August,6,103,12,12
CHILDREN,Child Labour (Pro.& Reg.) Act,8,August,8,61,29,17
CHILDREN,Probation of Offenders Act,8,August,0,1,0,0
SCST,Murder,8,August,8,63,8,7
OTHER,Rape,8,August,16,106,7,12
OTHER,Kidnapping,8,August,10,121,10,18
OTHER,Offences under the Protection of Civil Rights Act.,8,August,0,6,0,1
OTHER,Offences under the SC & ST  (prevention of Atrocities)Act 1989 (if the victim is SC),8,August,134,1215,143,181
IPC,"Murder (Sec.302/303 IPC/103,104 BNS)",9,September,100,923,92,97
IPC,ATTEMPT TO MURDER (Sec. 307 IPC/109BNS),9,September,307,2486,248,266
IPC,CULPABLE HOMICIDE NOT AMOUNTING TO MUDER (Sec.304 IPC/105 BNS),9,September,7,93,15,10
IPC,ATTEMPT TO CULPABLE HOMICIDE NOT AMOUNTING TO MURDER (Sec. 308 IPC/110 BNS),9,September,8,50,4,6
IPC,"RAPE (Sec.376, 376(A) to 376 (D) IPC/64 TO 71 BNS)",9,September,70,700,58,83
IPC,Sexual Intercourse by employing deceitful means (Se 69 BNS),9,September,21,148,2,23
IPC,"KIDNAPPING AND ABDUCTION (Sec.360, 361, 363 to 369 IPC/137(1)(A),137(1)(B),137(2),140 TO 142,97 BNS)",9,September,379,3131,335,321
IPC,"DACOITY (Sec. 395 to 398 IPC/310(2),310(4),311,312 BNS)",9,September,15,145,14,11
IPC,"Robbery (Sec.392 to 394 IPC/309(4),309(5),309(6) BNS)",9,September,90,787,92,84
IPC,"BURGLARY - NIGHT (Sec. 380 IPC R/W 453 TO 460, 462 IPC/305,R/W 331(1) TO 331(8),334(2) BNS)",9,September,302,2893,284,350
IPC,"BURGLARY - DAY (Sec. 380 IPC R/W 453 TO 460, 462 IPC/305,R/W 331(1) TO 331(8), 334(2) BNS)",9,September,97,798,97,91
IPC,THEFT (Sec.379 to 389 IPC/303(2) TO 308(7) BNS),9,September,1613,15282,1747,1560
IPC,"RIOTS (Sec.141 to 153 IPC/189(1) TO 189(6),191(1)TO 191(3), 190,192,195 BNS))",9,September,261,2592,284,285
IPC,"OFFENCES AGAINST STATE (Sec. 121 to 130, except 124(A) IPC/147 TO 158 BNS)",9,September,0,0,0,0
IPC,"OFFENCES PROMOTING ENEMITY (Sec. 153(A), 154(B) & 505 IPC/196, 197 & 353 BNS",9,September,19,151,12,18
IPC,CRIMINAL BREACH OF TRUST (Sec. 406 to 409 IPC/316(2) to 316(5) BNS),9,September,68,553,41,67
IPC,"CHEATING (Sec.417 to 420 IPC/318(2)to 318(4), 319(2) BNS)",9,September,506,4221,534,374
IPC,"COUNTERFEITING (Sec. 231 to 263 (A), 489(A) to 489 (E) IPC/178 TO 185 BNS)",9,September,0,25,2,2
IPC,"FORGERY (Sec. 465, 468, 471, 473, 476, 477 & 477(A) IPC/336(2),336(3),340(2),341(2),342(2),343,
344 BNS)",9,September,63,462,53,47
IPC,"CASES OF HURT (Sec. 323 to 335 IPC except 328, 332, 333/115(2) TO 122(2) EXCEPT 121(1),121(2) BNS)",9,September,1323,12413,1334,1223
IPC,"ADULTERATION (Sec. 272, 273 to 276 IPC/274,275 TO 278 BNS)",9,September,1,18,0,3
IPC,AFFRAY (Sec. 160 IPC/194(2) BNS),9,September,72,546,46,53
IPC,"ARSON (Sec. 435, 436, 438 IPC/326(f),326(g),327(g) BNS)",9,September,10,148,18,15
IPC,"ASSAULT (Sec 356, 357 IPC/134,135 BNS)",9,September,4,21,2,3
IPC,COMMUNAL / RELIGION (Sec. 295 to 297 IPC/298 TO 301 BNS),9,September,37,215,39,27
IPC,"CRIMINAL CONSPIRACY (Sec. 120(B), 121(A) IPC/61(2),148 BNS)",9,September,3,12,1,0
IPC,CRIMINAL INTIMIDATION (Sec. 504 to 508 IPC/352 TO 354 BNS),9,September,293,2452,211,258
IPC,"CRIMINAL MISAPPROPRIATION (Sec. 403, 404 IPC/314,315 BNS)",9,September,3,14,2,1
IPC,CRIMINAL TRESPASS (Sec.447 to 452 IPC/329(3) TO 333 BNS),9,September,219,2089,217,240
IPC,CRUELTY BY HUSBAND (Sec. 498(A) IPC/85 BNS),9,September,251,2142,226,238
IPC,DOWRY DEATHS (Sec.304(B) IPC/80 BNS),9,September,6,85,15,10
IPC,DEATHS DUE TO RASHNESS/NEGLIGENCE (Sec.304(A) IPC/106 BNS),9,September,26,238,33,23
IPC,MOTOR VEHICLE ACCIDENTS FATAL (Sec.304(A) IPC/106 BNS),9,September,719,8408,865,832
IPC,"MOTOR VEHICLE ACCIDENTS NON-FATAL (Sec.279, 337, 338 IPC/281,125(a),125(b) BNS)",9,September,2512,23331,2399,2519
IPC,"DEATHS-MISCARRIAGE (Sec.312, 313, 314 IPC/88,89,90 BNS)",9,September,0,30,0,4
IPC,"ESCAPE FROM LAWFUL CUSTODY AND RESISTANCE (Sec.224, 225, 225(B) IPC/262,263,265 BNS)",9,September,4,64,9,7
IPC,"MISCHIEF (Sec.427 to 440 except 434, 435, 436, 438 IPC/324(4) TO 324(6) BNS)",9,September,35,354,33,44
IPC,MOLESTATION (Sec.354 IPC/74 BNS),9,September,464,4373,469,449
IPC,POISONING-PROFESSIONAL (Sec. 328 IPC/123 BNS),9,September,0,10,3,0
IPC,PORNOGRAPHY (Sec.292 to 294 IPC/294 TO 296 BNS),9,September,8,31,0,7
IPC,PUBLIC JUSTICE (Sec.213 to 215 IPC/250 TO 252 BNS),9,September,0,6,0,3
IPC,"PUBLIC NUISANCE (Sec.291 and 510 IPC/293,355 BNS)",9,September,155,315,7,27
IPC,"PUBLIC SAFETY (Sec.269 to 271, 277, 283, 289 IPC/271 to 273, 279,285,291 BNS)",9,September,1164,3889,312,912
IPC,"OFFENCES AGAINST PUBLIC SERVANTS (Public servant is a victim) (Sec 182-188, 332, 333, 353 IPC/217-223,121(1),121(2), 132 BNS)",9,September,98,902,71,89
IPC,"OFFENCES BY PUBLIC SERVANTS (EXCEPT CORRUPTION) (Public servant is accused) (Sec.128, 129, 167, 218, 221, 222 IPC/156,157,201,256,259,260 BNS)",9,September,1,3,1,0
IPC,"NEGLIGENT ACT (Sec.280 to 289, 336 to 338 except 283 IPC/282 to 291,125 to 125(b) except 285 BNS)",9,September,448,2825,186,423
IPC,RECEIVING OF STOLEN PROPERTY (Sec.411 to 414 IPC/317(2) TO 317(5) BNS),9,September,0,2,1,1
IPC,SEDITION (Sec. 124A IPC/IN BNS Deleted),9,September,0,0,0,0
IPC,INSULTING MODESTY OF WOMEN (EVE TEASING) (Sec.509 IPC/79 BNS),9,September,38,300,27,32
IPC,"SUICIDE (Sec.305, 306, 309 IPC/107,108 BNS)",9,September,54,567,60,56
IPC,UNNATURAL SEX (Sec.377 IPC/IN BNS Deleted),9,September,0,0,0,0
IPC,"WRONGFUL RESTRAINT/CONFINEMENT (Sec.341 to 348 IPC/126(2),127(2)-127(8) BNS)",9,September,37,390,30,41
IPC,"INFANTICIDE (Sec.315, 316 IPC/91,92 BNS)",9,September,0,5,0,0
IPC,"OFFENCES RELATED TO MARRIAGE (Sec.493 to 498 IPC/81,84 BNS)",9,September,4,33,2,3
IPC,"BUYING & SELLING MINOR FOR PROSTITUTION (Sec.372, 373 IPC/98,99 BNS)",9,September,0,0,0,0
IPC,DOCUMENTS & PROPERTY MARKS (Sec.483 to 489 IPC/346-350(2) BNS),9,September,1,2,0,1
IPC,DEFAMATION (Sec.500 to 502 IPC/350(2)-356(4) BNS),9,September,0,4,0,0
IPC,ELECTION(Sec.171(E) to 171(1) IPC/173-177 BNS),9,September,0,5,0,4
IPC,"SLAVERY (Sec.370, 371, 374 IPC/143,145,146 BNS)",9,September,0,3,0,0
IPC,Attempting to commit offences (Sec.511 IPC/62 BNS),9,September,14,163,16,21
IPC,ILLEGAL DETENTION (Sec.342 IPC/127(2) BNS),9,September,0,0,0,0
IPC,FALSE EVIDENCE (Sec.191 to 205 IPC/227-242 BNS),9,September,1,6,0,0
IPC,EXPOSURE AND ABANDONMENT OF CHILD (Sec.317 IPC/93 BNS),9,September,7,51,4,7
IPC,OF ABETMENT (Sec.107 to 120 IPC/45-60 BNS),9,September,1,16,2,3
IPC,"FAILURE TO APPEAR TO COURT (Sec.174A, 229A IPC/209,269 BNS)",9,September,70,1258,42,39
IPC,Concealment of birth by secret disposal of Child,9,September,2,36,4,3
IPC,ASSAULT OR USE OF CRIMINAL FORCE TO DISROBE WOMEN,9,September,0,4,1,0
IPC,Disobedience to Order Promulgated by Public/Servant,9,September,23,70,0,7
IPC,Giving false information respecting an offence committed,9,September,1,25,0,1
IPC,Harbouring offender,9,September,1,3,0,0
IPC,Pettry Organised Crimes,9,September,9,135,10,6
IPC,Public Servant in Judicial proceeding,9,September,0,1,0,0
IPC,"The Indian Stamp Act, 1899",9,September,0,0,0,0
SLL,ANTIQUES (CULTURAL PROPERTY),9,September,0,5,0,0
SLL,ARMS ACT 1959,9,September,2,13,2,3
SLL,ARMS ACT 1960,9,September,18,124,17,14
SLL,ARMS ACT 1961,9,September,3,16,1,3
SLL,ARMS ACT 1962,9,September,10,94,5,10
SLL,ARMS ACT 1963,9,September,0,4,2,0
SLL,ARMS ACT 1964,9,September,4,23,2,1
SLL,ARMS ACT 1965,9,September,0,7,0,0
SLL,ARMS ACT 1966,9,September,3,33,4,3
SLL,ANIMAL,9,September,32,328,14,28
SLL,CINEMATOGRAPHY ACT 1952,9,September,0,0,0,0
SLL,CINEMATOGRAPHY ACT 1953,9,September,0,0,0,0
SLL,CONSUMER,9,September,90,625,34,87
SLL,COPY RIGHT ACT 1957,9,September,7,106,14,16
SLL,COPY RIGHT ACT 1958,9,September,3,57,3,3
SLL,CIVIL RIGHTS,9,September,0,4,0,0
SLL,SCHEDULED CASTE AND THE SCHEDULED TRIBES,9,September,206,1719,180,172
SLL,CHILDREN ACT,9,September,28,331,27,32
SLL,PREVENTION OF CORRUPTION ACT 1988,9,September,0,0,0,0
SLL,PREVENTION OF CORRUPTION ACT 1989,9,September,0,1,0,0
SLL,PREVENTION OF CORRUPTION ACT 1990,9,September,0,0,0,0
SLL,PREVENTION OF CORRUPTION ACT 1991,9,September,0,0,0,0
SLL,PREVENTION OF CORRUPTION ACT 1992,9,September,0,1,0,0
SLL,PREVENTION OF CORRUPTION ACT 1993,9,September,0,0,0,0
SLL,PREVENTION OF CORRUPTION ACT 1994,9,September,0,0,0,0
SLL,PREVENTION OF CORRUPTION ACT 1995,9,September,0,0,0,0
SLL,CUSTOMS,9,September,0,0,0,0
SLL,Explosives,9,September,9,71,5,4
SLL,FOREIGN EXCHANGE,9,September,0,0,0,0
SLL,FOREIGNER,9,September,6,76,13,10
SLL,FOREST,9,September,2,11,0,3
SLL,HIJACKING,9,September,0,0,0,0
SLL,IMMORAL TRAFFIC,9,September,30,256,23,23
SLL,BONDED LABOUR SYSTEM,9,September,0,4,2,1
SLL,INDIAN MOTOR VEHICLE,9,September,3,57,13,5
SLL,NARCOTIC DRUGS & PSYCHOTROPIC SUBSTANCES ACT,9,September,452,4722,340,739
SLL,PASSPORT ACT,9,September,1,5,1,0
SLL,REPRESENTATIVE OF PEOPLE ACT 1951 & 1988,9,September,0,0,0,0
SLL,REPRESENTATIVE OF PEOPLE ACT 1951 & 1989,9,September,0,0,1,0
SLL,REPRESENTATIVE OF PEOPLE ACT 1951 & 1990,9,September,0,0,0,0
SLL,KARNATAKA POLICE ACT 1963,9,September,390,4755,346,451
SLL,KARNATAKA POLICE ACT 1964,9,September,428,5221,377,520
SLL,KARNATAKA POLICE ACT 1965,9,September,22,198,19,22
SLL,KARNATAKA POLICE ACT 1966,9,September,17,578,3,4
SLL,KARNATAKA POLICE ACT 1967,9,September,35,400,38,32
SLL,PREVENTION OF DAMAGE TO PUBLIC PROPERTY ACT 1984,9,September,31,104,8,10
SLL,"POST & TELEGRAPH, TELEGRAPH WIRES (UNLAWFUL POSSESSION) ACT 1980",9,September,0,0,0,0
SLL,OFFICIAL SECURITY RELATED ACTS,9,September,0,1,0,0
SLL,PREVENTION OF TERRORISM ACT (POTA),9,September,0,0,0,0
SLL,RAILWAYS ACT,9,September,0,2,0,1
SLL,UNLAWFUL ACTIVITIES (Prevention) Act 1967,9,September,0,0,1,0
SLL,CRIMES RELATED TO WOMEN,9,September,171,1472,144,139
SLL,INDIAN LUNACY ACT,9,September,0,0,0,0
SLL,INDIAN ELECTRICITY ACT,9,September,1,10,0,0
SLL,"COTPA, CIGARETTES AND OTHER TOBACCO PRODUCTS",9,September,245,2785,76,92
SLL,KARNATAKA STATE LOCAL ACTS,9,September,1136,9227,783,847
SLL,CYBER CRIME (INFORMATION TECHNOLOGY ACT),9,September,1296,11197,1738,1265
SLL,NATIONAL SECURITY ACT,9,September,0,0,0,0
SLL,POCSO,9,September,338,3332,339,379
SLL,Aadhar Act,9,September,1,1,0,0
WOMEN,Rape (Sec. 376 IPC),9,September,70,700,58,83
WOMEN,Outraging modesty (Molestation) (sec.354 IPC),9,September,464,4373,469,449
WOMEN,Kidnapping & Abduction of Women: (Sec.366 IPC),9,September,8,87,6,13
WOMEN,Insulting modesty (Eve-Teasing) (Sec.294 & 509 IPC if victim is a woman),9,September,38,300,27,32
WOMEN,Murder for Dowry - by burning (Sec.302 IPC),9,September,0,1,0,0
WOMEN,"Murder for Dowry - by other means
(Sec.302 IPC)",9,September,0,4,1,0
WOMEN,Murder for other reasons,9,September,37,282,31,34
WOMEN,Attempt to Commit Murder for dowry by burning (Sec.307 IPC),9,September,0,1,0,0
WOMEN,Attempt to Commit Murder for dowry by other means (Sec.307 IPC),9,September,3,14,3,0
WOMEN,Attempt to Commit murder for other reasons,9,September,91,745,48,89
WOMEN,"Dowry Death-by burning
(Sec.304-B IPC)",9,September,0,1,1,0
WOMEN,Dowry Death-by other Means (Sec.304(B) IPC),9,September,6,84,14,10
WOMEN,Cruelty by Husband or Relatives of Husband (Sec.498-A IPC),9,September,251,2142,226,238
WOMEN,Abetment of Suicide (Sec.306 IPC),9,September,16,129,14,12
WOMEN,Immoral Traffic (prevention) Act.,9,September,20,115,30,12
WOMEN,Indecent Representation of Women(Prohibition) Act-1986,9,September,0,1,0,0
WOMEN,Pornography,9,September,1,2,0,0
WOMEN,Offences against Public Servants (Sec.182-188-333-353 IPC),9,September,16,108,20,13
WOMEN,Offences related to Marriage,9,September,4,25,2,2
WOMEN,Cyber Crimes,9,September,397,3389,559,352
CHILDREN,"Infanticide/ Foeticide 
(Sec. 315 & 316 IPC)",9,September,0,5,0,0
CHILDREN,Rape on Minor,9,September,0,0,0,0
CHILDREN,Exposure & abandonment (Sec. 317 IPC),9,September,7,51,4,7
CHILDREN,Kidnapping & Abduction of Children,9,September,348,2890,318,294
CHILDREN,For Ransom - of Children,9,September,1,6,0,0
CHILDREN,of Children - for begging,9,September,0,0,0,0
CHILDREN,of Girls - Immoral Purpose,9,September,0,0,0,0
CHILDREN,With intent to Steal from Child,9,September,0,0,0,0
CHILDREN,Lawful Guardianship,9,September,0,1,0,0
CHILDREN,Procuration of Minor Girls - For Prostitution,9,September,0,0,0,0
CHILDREN,Procuration of Minor Girls - Importing of Girl,9,September,0,0,0,0
CHILDREN,Procuration of Minor Girls - For Other Purposes,9,September,2,11,1,1
CHILDREN,Selling of girls for Prostitution (Sec.372 IPC),9,September,0,0,0,0
CHILDREN,The Prohibition of Child Marriage Act - 2006,9,September,13,151,11,18
CHILDREN,POCSO Act,9,September,338,3332,339,379
CHILDREN,Death of Children due to miscarriage,9,September,0,15,0,2
CHILDREN,Juvenile Justice Act,9,September,8,111,10,5
CHILDREN,Child Labour (Pro.& Reg.) Act,9,September,4,65,5,8
CHILDREN,Probation of Offenders Act,9,September,0,0,1,0
SCST,Murder,9,September,6,74,9,9
SCST,Rape,9,September,16,122,10,16
SCST,Kidnapping,9,September,11,133,15,12
SCST,Offences under the Protection of Civil Rights Act.,9,September,0,7,0,0
SCST,Offences under the SC & ST  (prevention of Atrocities)Act 1989 (if the victim is SC),9,September,173,1383,146,135
IPC,"Murder (Sec.302/303 IPC/103,104 BNS)",10,October,106,1030,101,104
IPC,ATTEMPT TO MURDER (Sec. 307 IPC/109BNS),10,October,325,2800,216,302
IPC,CULPABLE HOMICIDE NOT AMOUNTING TO MUDER (Sec.304 IPC/105 BNS),10,October,7,101,7,8
IPC,ATTEMPT TO CULPABLE HOMICIDE NOT AMOUNTING TO MURDER (Sec. 308 IPC/110 BNS),10,October,9,58,0,7
IPC,"RAPE (Sec.376, 376(A) to 376 (D) IPC/64 TO 71 BNS)",10,October,50,561,54,44
IPC,Sexual Intercourse by employing deceitful means (Se 69 BNS),10,October,30,178,1,20
IPC,"KIDNAPPING AND ABDUCTION (Sec.360, 361, 363 to 369 IPC/137(1)(A),137(1)(B),137(2),140 TO 142,97 BNS)",10,October,421,3479,302,335
IPC,"DACOITY (Sec. 395 to 398 IPC/310(2),310(4),311,312 BNS)",10,October,23,168,14,15
IPC,"Robbery (Sec.392 to 394 IPC/309(4),309(5),309(6) BNS)",10,October,99,883,96,90
IPC,"BURGLARY - NIGHT (Sec. 380 IPC R/W 453 TO 460, 462 IPC/305,R/W 331(1) TO 331(8),334(2) BNS)",10,October,375,3271,388,306
IPC,"BURGLARY - DAY (Sec. 380 IPC R/W 453 TO 460, 462 IPC/305,R/W 331(1) TO 331(8), 334(2) BNS)",10,October,78,876,100,96
IPC,THEFT (Sec.379 to 389 IPC/303(2) TO 308(7) BNS),10,October,1804,17076,1766,1608
IPC,"RIOTS (Sec.141 to 153 IPC/189(1) TO 189(6),191(1)TO 191(3), 190,192,195 BNS))",10,October,275,2858,206,264
IPC,"OFFENCES AGAINST STATE (Sec. 121 to 130, except 124(A) IPC/147 TO 158 BNS)",10,October,0,0,0,0
IPC,"OFFENCES PROMOTING ENEMITY (Sec. 153(A), 154(B) & 505 IPC/196, 197 & 353 BNS",10,October,17,169,10,19
IPC,CRIMINAL BREACH OF TRUST (Sec. 406 to 409 IPC/316(2) to 316(5) BNS),10,October,56,611,42,68
IPC,"CHEATING (Sec.417 to 420 IPC/318(2)to 318(4), 319(2) BNS)",10,October,508,4730,472,509
IPC,"COUNTERFEITING (Sec. 231 to 263 (A), 489(A) to 489 (E) IPC/178 TO 185 BNS)",10,October,2,27,2,0
IPC,"FORGERY (Sec. 465, 468, 471, 473, 476, 477 & 477(A) IPC/336(2),336(3),340(2),341(2),342(2),343,
344 BNS)",10,October,44,504,42,62
IPC,"CASES OF HURT (Sec. 323 to 335 IPC except 328, 332, 333/115(2) TO 122(2) EXCEPT 121(1),121(2) BNS)",10,October,1407,13852,1280,1318
IPC,"ADULTERATION (Sec. 272, 273 to 276 IPC/274,275 TO 278 BNS)",10,October,0,18,1,1
IPC,AFFRAY (Sec. 160 IPC/194(2) BNS),10,October,57,603,38,72
IPC,"ARSON (Sec. 435, 436, 438 IPC/326(f),326(g),327(g) BNS)",10,October,11,159,19,10
IPC,"ASSAULT (Sec 356, 357 IPC/134,135 BNS)",10,October,3,24,5,4
IPC,COMMUNAL / RELIGION (Sec. 295 to 297 IPC/298 TO 301 BNS),10,October,26,242,32,38
IPC,"CRIMINAL CONSPIRACY (Sec. 120(B), 121(A) IPC/61(2),148 BNS)",10,October,2,14,2,3
IPC,CRIMINAL INTIMIDATION (Sec. 504 to 508 IPC/352 TO 354 BNS),10,October,265,2725,229,297
IPC,"CRIMINAL MISAPPROPRIATION (Sec. 403, 404 IPC/314,315 BNS)",10,October,3,17,1,3
IPC,CRIMINAL TRESPASS (Sec.447 to 452 IPC/329(3) TO 333 BNS),10,October,224,2307,184,216
IPC,CRUELTY BY HUSBAND (Sec. 498(A) IPC/85 BNS),10,October,270,2389,216,245
IPC,DOWRY DEATHS (Sec.304(B) IPC/80 BNS),10,October,13,98,9,6
IPC,DEATHS DUE TO RASHNESS/NEGLIGENCE (Sec.304(A) IPC/106 BNS),10,October,36,271,39,26
IPC,MOTOR VEHICLE ACCIDENTS FATAL (Sec.304(A) IPC/106 BNS),10,October,865,9371,947,784
IPC,"MOTOR VEHICLE ACCIDENTS NON-FATAL (Sec.279, 337, 338 IPC/281,125(a),125(b) BNS)",10,October,2859,26097,2535,2445
IPC,"DEATHS-MISCARRIAGE (Sec.312, 313, 314 IPC/88,89,90 BNS)",10,October,0,15,4,0
IPC,"DEFENCE FORCES OFFENCES RELATING (also relating to desertion) (Sec.131 to 140, except 136 IPC/159 TO 168 EXCEPT 164 BNS)",10,October,0,0,0,0
IPC,"ESCAPE FROM LAWFUL CUSTODY AND RESISTANCE (Sec.224, 225, 225(B) IPC/262,263,265 BNS)",10,October,6,32,0,2
IPC,"IMPERSONATION (Sec.170, 171 IPC/204,205 BNS)",10,October,3,15,0,0
IPC,"MISCHIEF (Sec.427 to 440 except 434, 435, 436, 438 IPC/324(4) TO 324(6) BNS)",10,October,31,384,33,35
IPC,MOLESTATION (Sec.354 IPC/74 BNS),10,October,509,4867,454,463
IPC,POISONING-PROFESSIONAL (Sec. 328 IPC/123 BNS),10,October,1,11,1,0
IPC,PORNOGRAPHY (Sec.292 to 294 IPC/294 TO 296 BNS),10,October,2,33,1,8
IPC,PUBLIC JUSTICE (Sec.213 to 215 IPC/250 TO 252 BNS),10,October,0,6,0,0
IPC,"PUBLIC NUISANCE (Sec.291 and 510 IPC/293,355 BNS)",10,October,38,353,30,155
IPC,"PUBLIC SAFETY (Sec.269 to 271, 277, 283, 289 IPC/271 to 273, 279,285,291 BNS)",10,October,664,4553,130,1164
IPC,"OFFENCES AGAINST PUBLIC SERVANTS (Public servant is a victim) (Sec 182-188, 332, 333, 353 IPC/217-223,121(1),121(2), 132 BNS)",10,October,88,992,88,99
IPC,"OFFENCES BY PUBLIC SERVANTS (EXCEPT CORRUPTION) (Public servant is accused) (Sec.128, 129, 167, 218, 221, 222 IPC/156,157,201,256,259,260 BNS)",10,October,0,3,1,1
IPC,"NEGLIGENT ACT (Sec.280 to 289, 336 to 338 except 283 IPC/282 to 291,125 to 125(b) except 285 BNS)",10,October,490,3316,182,450
IPC,RECEIVING OF STOLEN PROPERTY (Sec.411 to 414 IPC/317(2) TO 317(5) BNS),10,October,0,2,0,0
IPC,SEDITION (Sec. 124A IPC/IN BNS Deleted),10,October,0,0,0,0
IPC,INSULTING MODESTY OF WOMEN (EVE TEASING) (Sec.509 IPC/79 BNS),10,October,34,333,18,37
IPC,"SUICIDE (Sec.305, 306, 309 IPC/107,108 BNS)",10,October,60,629,48,56
IPC,UNNATURAL SEX (Sec.377 IPC/IN BNS Deleted),10,October,0,0,1,0
IPC,"WRONGFUL RESTRAINT/CONFINEMENT (Sec.341 to 348 IPC/126(2),127(2)-127(8) BNS)",10,October,30,421,38,37
IPC,"INFANTICIDE (Sec.315, 316 IPC/91,92 BNS)",10,October,0,5,1,0
IPC,"OFFENCES RELATED TO MARRIAGE (Sec.493 to 498 IPC/81,84 BNS)",10,October,0,33,3,4
IPC,"BUYING & SELLING MINOR FOR PROSTITUTION (Sec.372, 373 IPC/98,99 BNS)",10,October,0,0,0,0
IPC,DOCUMENTS & PROPERTY MARKS (Sec.483 to 489 IPC/346-350(2) BNS),10,October,0,2,0,1
IPC,DEFAMATION (Sec.500 to 502 IPC/350(2)-356(4) BNS),10,October,0,4,0,0
IPC,ELECTION(Sec.171(E) to 171(1) IPC/173-177 BNS),10,October,0,5,3,0
IPC,"SLAVERY (Sec.370, 371, 374 IPC/143,145,146 BNS)",10,October,1,4,0,0
IPC,Attempting to commit offences (Sec.511 IPC/62 BNS),10,October,22,185,19,14
IPC,ILLEGAL DETENTION (Sec.342 IPC/127(2) BNS),10,October,0,0,0,0
IPC,FALSE EVIDENCE (Sec.191 to 205 IPC/227-242 BNS),10,October,4,10,2,1
IPC,EXPOSURE AND ABANDONMENT OF CHILD (Sec.317 IPC/93 BNS),10,October,5,56,8,7
IPC,OF ABETMENT (Sec.107 to 120 IPC/45-60 BNS),10,October,2,18,2,1
IPC,"FAILURE TO APPEAR TO COURT (Sec.174A, 229A IPC/209,269 BNS)",10,October,40,1298,84,70
IPC,Concealment of birth by secret disposal of Child,10,October,3,39,2,2
IPC,ASSAULT OR USE OF CRIMINAL FORCE TO DISROBE WOMEN,10,October,2,6,2,0
IPC,Disobedience to Order Promulgated by Public/Servant,10,October,6,77,6,24
IPC,Giving false information respecting an offence committed,10,October,2,27,1,1
IPC,Harbouring offender,10,October,0,3,0,1
IPC,Pettry Organised Crimes,10,October,8,143,8,9
IPC,Public Servant in Judicial proceeding,10,October,0,1,0,0
IPC,"The Indian Stamp Act, 1899",10,October,0,0,0,0
SLL,ANTIQUES (CULTURAL PROPERTY),10,October,29,353,17,40
SLL,ANIMAL,10,October,30,359,27,32
SLL,CINEMATOGRAPHY ACT 1952,10,October,0,0,0,0
SLL,CINEMATOGRAPHY ACT 1953,10,October,0,0,0,0
SLL,CONSUMER,10,October,85,710,30,90
SLL,COPY RIGHT ACT 1957,10,October,12,118,8,7
SLL,COPY RIGHT ACT 1958,10,October,2,59,5,3
SLL,CIVIL RIGHTS,10,October,217,1941,157,209
SLL,CHILDREN ACT,10,October,29,361,19,29
SLL,PREVENTION OF CORRUPTION ACT 1988,10,October,0,0,0,0
SLL,PREVENTION OF CORRUPTION ACT 1989,10,October,0,1,0,0
SLL,PREVENTION OF CORRUPTION ACT 1990,10,October,0,0,0,0
SLL,PREVENTION OF CORRUPTION ACT 1991,10,October,0,0,0,0
SLL,PREVENTION OF CORRUPTION ACT 1992,10,October,0,1,0,0
SLL,PREVENTION OF CORRUPTION ACT 1993,10,October,0,0,0,0
SLL,PREVENTION OF CORRUPTION ACT 1994,10,October,0,0,0,0
SLL,PREVENTION OF CORRUPTION ACT 1995,10,October,0,0,0,0
SLL,CUSTOMS,10,October,0,0,0,0
SLL,Explosives,10,October,50,122,61,10
SLL,FOREIGN EXCHANGE,10,October,0,0,0,0
SLL,FOREIGNER,10,October,13,89,5,6
SLL,FOREST,10,October,0,10,0,2
SLL,HIJACKING,10,October,0,0,0,0
SLL,IMMORAL TRAFFIC,10,October,17,272,26,29
SLL,BONDED LABOUR SYSTEM,10,October,6,10,0,0
SLL,INDIAN MOTOR VEHICLE,10,October,5,62,5,3
SLL,NARCOTIC DRUGS & PSYCHOTROPIC SUBSTANCES ACT,10,October,423,5146,274,453
SLL,PASSPORT ACT,10,October,0,5,0,1
SLL,REPRESENTATIVE OF PEOPLE ACT 1951 & 1988,10,October,0,0,2,0
SLL,REPRESENTATIVE OF PEOPLE ACT 1951 & 1989,10,October,0,0,0,0
SLL,REPRESENTATIVE OF PEOPLE ACT 1951 & 1990,10,October,0,0,0,0
SLL,KARNATAKA POLICE ACT 1963,10,October,479,5233,410,389
SLL,KARNATAKA POLICE ACT 1964,10,October,1177,6402,458,431
SLL,KARNATAKA POLICE ACT 1965,10,October,25,222,29,21
SLL,KARNATAKA POLICE ACT 1966,10,October,6,584,9,17
SLL,KARNATAKA POLICE ACT 1967,10,October,29,427,35,34
SLL,PREVENTION OF DAMAGE TO PUBLIC PROPERTY ACT 1984,10,October,9,113,9,31
SLL,"POST & TELEGRAPH, TELEGRAPH WIRES (UNLAWFUL POSSESSION) ACT 1980",10,October,0,0,0,0
SLL,OFFICIAL SECURITY RELATED ACTS,10,October,0,1,0,0
SLL,PREVENTION OF TERRORISM ACT (POTA),10,October,0,0,0,0
SLL,RAILWAYS ACT,10,October,0,2,0,0
SLL,UNLAWFUL ACTIVITIES (Prevention) Act 1967,10,October,1,1,0,0
SLL,CRIMES RELATED TO WOMEN,10,October,148,1644,142,179
SLL,INDIAN LUNACY ACT,10,October,0,0,0,0
SLL,INDIAN ELECTRICITY ACT,10,October,1,11,0,1
SLL,"COTPA, CIGARETTES AND OTHER TOBACCO PRODUCTS",10,October,69,2854,45,245
SLL,KARNATAKA STATE LOCAL ACTS,10,October,830,10075,676,1139
SLL,CYBER CRIME (INFORMATION TECHNOLOGY ACT),10,October,1204,12406,1688,1298
SLL,NATIONAL SECURITY ACT,10,October,0,0,0,0
SLL,POCSO,10,October,320,3721,258,381
SLL,Aadhar Act,10,October,0,1,0,1
WOMEN,Rape (Sec. 376 IPC),10,October,50,561,54,44
WOMEN,Outraging modesty (Molestation) (sec.354 IPC),10,October,509,4867,454,463
WOMEN,Kidnapping & Abduction of Women: (Sec.366 IPC),10,October,12,103,15,9
WOMEN,Insulting modesty (Eve-Teasing) (Sec.294 & 509 IPC if victim is a woman),10,October,34,333,18,37
WOMEN,Murder for Dowry - by burning (Sec.302 IPC),10,October,0,1,0,0
WOMEN,"Murder for Dowry - by other means
(Sec.302 IPC)",10,October,1,5,1,0
WOMEN,Murder for other reasons,10,October,39,318,25,37
WOMEN,Attempt to Commit Murder for dowry by burning (Sec.307 IPC),10,October,1,2,0,0
WOMEN,Attempt to Commit Murder for dowry by other means (Sec.307 IPC),10,October,1,15,2,3
WOMEN,Attempt to Commit murder for other reasons,10,October,98,838,58,91
WOMEN,"Dowry Death-by burning
(Sec.304-B IPC)",10,October,0,1,0,0
WOMEN,Dowry Death-by other Means (Sec.304(B) IPC),10,October,13,97,9,6
WOMEN,Cruelty by Husband or Relatives of Husband (Sec.498-A IPC),10,October,270,2389,216,245
WOMEN,Abetment of Suicide (Sec.306 IPC),10,October,20,150,6,17
WOMEN,Immoral Traffic (prevention) Act.,10,October,17,272,26,29
WOMEN,Indecent Representation of Women(Prohibition) Act-1986,10,October,0,1,0,0
WOMEN,Pornography,10,October,0,2,0,1
WOMEN,Offences against Public Servants (Sec.182-188-333-353 IPC),10,October,15,124,7,16
WOMEN,Offences related to Marriage,10,October,0,25,3,4
WOMEN,Cyber Crimes,10,October,34,3703,523,397
CHILDREN,"Infanticide/ Foeticide 
(Sec. 315 & 316 IPC)",10,October,0,5,1,0
CHILDREN,Rape on Minor,10,October,0,0,0,0
CHILDREN,Exposure & abandonment (Sec. 317 IPC),10,October,5,56,8,7
CHILDREN,Kidnapping & Abduction of Children,10,October,394,3210,271,306
CHILDREN,For Ransom - of Children,10,October,0,6,3,1
CHILDREN,of Children - for begging,10,October,0,0,0,0
CHILDREN,of Girls - Immoral Purpose,10,October,0,0,0,0
CHILDREN,With intent to Steal from Child,10,October,0,0,0,0
CHILDREN,Lawful Guardianship,10,October,1,2,0,0
CHILDREN,Procuration of Minor Girls - For Prostitution,10,October,0,0,0,0
CHILDREN,Procuration of Minor Girls - Importing of Girl,10,October,0,0,0,0
CHILDREN,Procuration of Minor Girls - For Other Purposes,10,October,0,12,0,1
CHILDREN,Selling of girls for Prostitution (Sec.372 IPC),10,October,0,0,0,0
CHILDREN,The Prohibition of Child Marriage Act - 2006,10,October,17,173,8,17
CHILDREN,POCSO Act,10,October,320,3721,258,381
CHILDREN,Death of Children due to miscarriage,10,October,0,15,4,0
CHILDREN,Juvenile Justice Act,10,October,8,119,9,8
CHILDREN,Child Labour (Pro.& Reg.) Act,10,October,4,69,2,4
CHILDREN,Probation of Offenders Act,10,October,0,0,0,0
SCST,Murder,10,October,7,81,5,6
SCST,Rape,10,October,7,102,4,12
SCST,Kidnapping,10,October,12,153,12,15
SCST,Offences under the Protection of Civil Rights Act.,10,October,0,0,0,0
SCST,Offences under the SC & ST  (prevention of Atrocities)Act 1989 (if the victim is SC),10,October,190,1600,134,176
IPC,"Murder (Sec.302/303 IPC/103,104 BNS)",11,November,99,1132,104,109
IPC,ATTEMPT TO MURDER (Sec. 307 IPC/109BNS),11,November,251,3011,237,316
IPC,CULPABLE HOMICIDE NOT AMOUNTING TO MUDER (Sec.304 IPC/105 BNS),11,November,7,111,9,7
IPC,ATTEMPT TO CULPABLE HOMICIDE NOT AMOUNTING TO MURDER (Sec. 308 IPC/110 BNS),11,November,4,62,4,9
IPC,"RAPE (Sec.376, 376(A) to 376 (D) IPC/64 TO 71 BNS)",11,November,45,612,49,50
IPC,Sexual Intercourse by employing deceitful means (Se 69 BNS),11,November,35,213,1,29
IPC,"KIDNAPPING AND ABDUCTION (Sec.360, 361, 363 to 369 IPC/137(1)(A),137(1)(B),137(2),140 TO 142,97 BNS)",11,November,446,3867,359,382
IPC,"DACOITY (Sec. 395 to 398 IPC/310(2),310(4),311,312 BNS)",11,November,21,188,15,23
IPC,"Robbery (Sec.392 to 394 IPC/309(4),309(5),309(6) BNS)",11,November,109,985,81,98
IPC,"BURGLARY - NIGHT (Sec. 380 IPC R/W 453 TO 460, 462 IPC/305,R/W 331(1) TO 331(8),334(2) BNS)",11,November,284,3554,336,377
IPC,"BURGLARY - DAY (Sec. 380 IPC R/W 453 TO 460, 462 IPC/305,R/W 331(1) TO 331(8), 334(2) BNS)",11,November,113,995,92,80
IPC,THEFT (Sec.379 to 389 IPC/303(2) TO 308(7) BNS),11,November,1689,18767,1664,1799
IPC,"RIOTS (Sec.141 to 153 IPC/189(1) TO 189(6),191(1)TO 191(3), 190,192,195 BNS))",11,November,244,3100,226,277
IPC,"OFFENCES AGAINST STATE (Sec. 121 to 130, except 124(A) IPC/147 TO 158 BNS)",11,November,0,0,0,0
IPC,"OFFENCES PROMOTING ENEMITY (Sec. 153(A), 154(B) & 505 IPC/196, 197 & 353 BNS",11,November,13,182,12,16
IPC,CRIMINAL BREACH OF TRUST (Sec. 406 to 409 IPC/316(2) to 316(5) BNS),11,November,73,685,36,57
IPC,"CHEATING (Sec.417 to 420 IPC/318(2)to 318(4), 319(2) BNS)",11,November,480,5208,466,508
IPC,"COUNTERFEITING (Sec. 231 to 263 (A), 489(A) to 489 (E) IPC/178 TO 185 BNS)",11,November,1,28,1,2
IPC,"FORGERY (Sec. 465, 468, 471, 473, 476, 477 & 477(A) IPC/336(2),336(3),340(2),341(2),342(2),343,
344 BNS)",11,November,51,554,60,44
IPC,"CASES OF HURT (Sec. 323 to 335 IPC except 328, 332, 333/115(2) TO 122(2) EXCEPT 121(1),121(2) BNS)",11,November,1322,15210,1246,1409
IPC,"ADULTERATION (Sec. 272, 273 to 276 IPC/274,275 TO 278 BNS)",11,November,0,18,1,0
IPC,AFFRAY (Sec. 160 IPC/194(2) BNS),11,November,44,647,33,57
IPC,"ARSON (Sec. 435, 436, 438 IPC/326(f),326(g),327(g) BNS)",11,November,14,173,14,11
IPC,"ASSAULT (Sec 356, 357 IPC/134,135 BNS)",11,November,4,28,1,3
IPC,COMMUNAL / RELIGION (Sec. 295 to 297 IPC/298 TO 301 BNS),11,November,11,251,19,26
IPC,"CRIMINAL CONSPIRACY (Sec. 120(B), 121(A) IPC/61(2),148 BNS)",11,November,0,13,1,1
IPC,CRIMINAL INTIMIDATION (Sec. 504 to 508 IPC/352 TO 354 BNS),11,November,263,2995,195,268
IPC,"CRIMINAL MISAPPROPRIATION (Sec. 403, 404 IPC/314,315 BNS)",11,November,4,21,2,3
IPC,CRIMINAL TRESPASS (Sec.447 to 452 IPC/329(3) TO 333 BNS),11,November,223,2524,198,223
IPC,CRUELTY BY HUSBAND (Sec. 498(A) IPC/85 BNS),11,November,256,2637,198,264
IPC,DOWRY DEATHS (Sec.304(B) IPC/80 BNS),11,November,12,109,5,12
IPC,DEATHS DUE TO RASHNESS/NEGLIGENCE (Sec.304(A) IPC/106 BNS),11,November,28,299,22,35
IPC,MOTOR VEHICLE ACCIDENTS FATAL (Sec.304(A) IPC/106 BNS),11,November,849,10292,1025,921
IPC,"MOTOR VEHICLE ACCIDENTS NON-FATAL (Sec.279, 337, 338 IPC/281,125(a),125(b) BNS)",11,November,2812,28840,2645,2809
IPC,"DEATHS-MISCARRIAGE (Sec.312, 313, 314 IPC/88,89,90 BNS)",11,November,0,15,3,0
IPC,"DEFENCE FORCES OFFENCES RELATING (also relating to desertion) (Sec.131 to 140, except 136 IPC/159 TO 168 EXCEPT 164 BNS)",11,November,0,0,0,0
IPC,"ESCAPE FROM LAWFUL CUSTODY AND RESISTANCE (Sec.224, 225, 225(B) IPC/262,263,265 BNS)",11,November,5,38,2,6
IPC,"IMPERSONATION (Sec.170, 171 IPC/204,205 BNS)",11,November,1,16,0,3
IPC,"MISCHIEF (Sec.427 to 440 except 434, 435, 436, 438 IPC/324(4) TO 324(6) BNS)",11,November,33,418,35,31
IPC,MOLESTATION (Sec.354 IPC/74 BNS),11,November,468,5330,433,506
IPC,POISONING-PROFESSIONAL (Sec. 328 IPC/123 BNS),11,November,3,14,1,1
IPC,PORNOGRAPHY (Sec.292 to 294 IPC/294 TO 296 BNS),11,November,1,34,0,2
IPC,PUBLIC JUSTICE (Sec.213 to 215 IPC/250 TO 252 BNS),11,November,0,6,0,0
IPC,"PUBLIC NUISANCE (Sec.291 and 510 IPC/293,355 BNS)",11,November,26,378,13,38
IPC,"PUBLIC SAFETY (Sec.269 to 271, 277, 283, 289 IPC/271 to 273, 279,285,291 BNS)",11,November,376,4929,257,664
IPC,"OFFENCES AGAINST PUBLIC SERVANTS (Public servant is a victim) (Sec 182-188, 332, 333, 353 IPC/217-223,121(1),121(2), 132 BNS)",11,November,85,1077,78,88
IPC,"OFFENCES BY PUBLIC SERVANTS (EXCEPT CORRUPTION) (Public servant is accused) (Sec.128, 129, 167, 218, 221, 222 IPC/156,157,201,256,259,260 BNS)",11,November,3,6,1,0
IPC,"NEGLIGENT ACT (Sec.280 to 289, 336 to 338 except 283 IPC/282 to 291,125 to 125(b) except 285 BNS)",11,November,372,3683,177,487
IPC,RECEIVING OF STOLEN PROPERTY (Sec.411 to 414 IPC/317(2) TO 317(5) BNS),11,November,0,2,0,0
IPC,SEDITION (Sec. 124A IPC/IN BNS Deleted),11,November,0,0,0,0
IPC,INSULTING MODESTY OF WOMEN (EVE TEASING) (Sec.509 IPC/79 BNS),11,November,32,363,17,33
IPC,"SUICIDE (Sec.305, 306, 309 IPC/107,108 BNS)",11,November,57,690,69,60
IPC,UNNATURAL SEX (Sec.377 IPC/IN BNS Deleted),11,November,0,0,0,0
IPC,"WRONGFUL RESTRAINT/CONFINEMENT (Sec.341 to 348 IPC/126(2),127(2)-127(8) BNS)",11,November,31,452,25,30
IPC,"INFANTICIDE (Sec.315, 316 IPC/91,92 BNS)",11,November,0,5,0,0
IPC,"OFFENCES RELATED TO MARRIAGE (Sec.493 to 498 IPC/81,84 BNS)",11,November,3,36,6,0
IPC,"BUYING & SELLING MINOR FOR PROSTITUTION (Sec.372, 373 IPC/98,99 BNS)",11,November,0,0,0,0
IPC,DOCUMENTS & PROPERTY MARKS (Sec.483 to 489 IPC/346-350(2) BNS),11,November,1,3,0,0
IPC,DEFAMATION (Sec.500 to 502 IPC/350(2)-356(4) BNS),11,November,0,4,1,0
IPC,ELECTION(Sec.171(E) to 171(1) IPC/173-177 BNS),11,November,0,5,7,0
IPC,"SLAVERY (Sec.370, 371, 374 IPC/143,145,146 BNS)",11,November,1,5,4,1
IPC,Attempting to commit offences (Sec.511 IPC/62 BNS),11,November,23,207,16,22
IPC,ILLEGAL DETENTION (Sec.342 IPC/127(2) BNS),11,November,0,0,0,0
IPC,FALSE EVIDENCE (Sec.191 to 205 IPC/227-242 BNS),11,November,0,10,1,4
IPC,EXPOSURE AND ABANDONMENT OF CHILD (Sec.317 IPC/93 BNS),11,November,3,59,5,5
IPC,OF ABETMENT (Sec.107 to 120 IPC/45-60 BNS),11,November,1,19,0,2
IPC,"FAILURE TO APPEAR TO COURT (Sec.174A, 229A IPC/209,269 BNS)",11,November,33,1331,83,40
IPC,Concealment of birth by secret disposal of Child,11,November,6,45,4,3
IPC,ASSAULT OR USE OF CRIMINAL FORCE TO DISROBE WOMEN,11,November,0,6,2,2
IPC,Disobedience to Order Promulgated by Public/Servant,11,November,3,36,0,2
IPC,Human Trafficking,11,November,1,15,1,3
IPC,Giving false information respecting an offence committed,11,November,2,29,0,2
IPC,Harbouring offender,11,November,0,3,0,0
IPC,Pettry Organised Crimes,11,November,6,149,13,8
IPC,Public Servant in Judicial proceeding,11,November,0,1,0,0
IPC,"The Indian Stamp Act, 1899",11,November,0,0,0,0
SLL,ANTIQUES (CULTURAL PROPERTY),11,November,35,389,21,30
SLL,ANIMAL,11,November,36,392,26,28
SLL,CINEMATOGRAPHY ACT 1952,11,November,0,0,0,0
SLL,CINEMATOGRAPHY ACT 1953,11,November,0,0,0,0
SLL,CONSUMER,11,November,75,785,38,85
SLL,COPY RIGHT ACT 1957,11,November,11,129,14,12
SLL,COPY RIGHT ACT 1958,11,November,9,68,11,2
SLL,CIVIL RIGHTS,11,November,1,6,1,1
SLL,SCHEDULED CASTE AND THE SCHEDULED TRIBES,11,November,216,2159,149,223
SLL,CHILDREN ACT,11,November,30,389,30,29
SLL,PREVENTION OF CORRUPTION ACT 1988,11,November,0,0,0,0
SLL,PREVENTION OF CORRUPTION ACT 1989,11,November,0,1,0,0
SLL,PREVENTION OF CORRUPTION ACT 1990,11,November,0,0,0,0
SLL,PREVENTION OF CORRUPTION ACT 1991,11,November,0,0,0,0
SLL,PREVENTION OF CORRUPTION ACT 1992,11,November,0,1,0,0
SLL,PREVENTION OF CORRUPTION ACT 1993,11,November,0,0,0,0
SLL,PREVENTION OF CORRUPTION ACT 1994,11,November,0,0,0,0
SLL,PREVENTION OF CORRUPTION ACT 1995,11,November,0,0,0,0
SLL,CUSTOMS,11,November,0,0,0,0
SLL,Import/Export (Control) Act 1947,11,November,0,0,0,0
SLL,Import/Export (Control) Act 1948,11,November,3,40,3,3
SLL,Import/Export (Control) Act 1949,11,November,3,89,13,48
SLL,Import/Export (Control) Act 1950,11,November,0,0,0,0
SLL,FOREIGN EXCHANGE,11,November,0,0,0,0
SLL,FOREIGNER,11,November,15,104,3,13
SLL,FOREST,11,November,0,10,1,0
SLL,HIJACKING,11,November,0,0,0,0
SLL,IMMORAL TRAFFIC,11,November,26,298,30,17
SLL,BONDED LABOUR SYSTEM,11,November,3,13,1,6
SLL,INDIAN MOTOR VEHICLE,11,November,2,63,1,4
SLL,NARCOTIC DRUGS & PSYCHOTROPIC SUBSTANCES ACT,11,November,772,5918,424,423
SLL,PASSPORT ACT,11,November,1,6,0,0
SLL,REPRESENTATIVE OF PEOPLE ACT 1951 & 1988,11,November,0,0,12,0
SLL,REPRESENTATIVE OF PEOPLE ACT 1951 & 1989,11,November,1,1,0,0
SLL,REPRESENTATIVE OF PEOPLE ACT 1951 & 1990,11,November,0,0,0,0
SLL,KARNATAKA POLICE ACT 1963,11,November,594,5829,756,480
SLL,KARNATAKA POLICE ACT 1964,11,November,496,6899,957,1176
SLL,KARNATAKA POLICE ACT 1965,11,November,17,239,21,25
SLL,KARNATAKA POLICE ACT 1966,11,November,4,588,8,6
SLL,KARNATAKA POLICE ACT 1967,11,November,54,478,21,29
SLL,PREVENTION OF DAMAGE TO PUBLIC PROPERTY ACT 1984,11,November,3,115,10,9
SLL,"POST & TELEGRAPH, TELEGRAPH WIRES (UNLAWFUL POSSESSION) ACT 1980",11,November,1,1,0,0
SLL,OFFICIAL SECURITY RELATED ACTS,11,November,1,2,0,0
SLL,PREVENTION OF TERRORISM ACT (POTA),11,November,0,0,0,0
SLL,RAILWAYS ACT,11,November,2,4,0,0
SLL,UNLAWFUL ACTIVITIES (Prevention) Act 1967,11,November,0,1,2,1
SLL,CRIMES RELATED TO WOMEN,11,November,166,1822,145,155
SLL,INDIAN LUNACY ACT,11,November,0,0,0,0
SLL,INDIAN ELECTRICITY ACT,11,November,1,12,1,1
SLL,"COTPA, CIGARETTES AND OTHER TOBACCO PRODUCTS",11,November,112,2966,147,69
SLL,KARNATAKA STATE LOCAL ACTS,11,November,961,11041,967,833
SLL,CYBER CRIME (INFORMATION TECHNOLOGY ACT),11,November,1186,13599,1608,1205
SLL,NATIONAL SECURITY ACT,11,November,0,0,0,0
SLL,POCSO,11,November,330,4107,319,356
SLL,Aadhar Act,11,November,0,1,2,0
WOMEN,Rape (Sec. 376 IPC),11,November,45,612,49,50
WOMEN,Outraging modesty (Molestation) (sec.354 IPC),11,November,468,5330,433,506
WOMEN,Kidnapping & Abduction of Women: (Sec.366 IPC),11,November,10,113,10,12
WOMEN,Insulting modesty (Eve-Teasing) (Sec.294 & 509 IPC if victim is a woman),11,November,32,363,17,33
WOMEN,Murder for Dowry - by burning (Sec.302 IPC),11,November,0,1,0,0
WOMEN,"Murder for Dowry - by other means
(Sec.302 IPC)",11,November,0,4,0,1
WOMEN,Murder for other reasons,11,November,28,348,30,41
WOMEN,Attempt to Commit Murder for dowry by burning (Sec.307 IPC),11,November,0,2,0,1
WOMEN,Attempt to Commit Murder for dowry by other means (Sec.307 IPC),11,November,3,18,2,1
WOMEN,Attempt to Commit murder for other reasons,11,November,81,904,70,93
WOMEN,"Dowry Death-by burning
(Sec.304-B IPC)",11,November,0,1,0,0
WOMEN,Dowry Death-by other Means (Sec.304(B) IPC),11,November,12,108,5,12
WOMEN,Cruelty by Husband or Relatives of Husband (Sec.498-A IPC),11,November,256,2637,198,264
WOMEN,Abetment of Suicide (Sec.306 IPC),11,November,16,166,15,20
WOMEN,Immoral Traffic (prevention) Act.,11,November,26,298,30,17
WOMEN,Indecent Representation of Women(Prohibition) Act-1986,11,November,0,1,0,0
WOMEN,Pornography,11,November,0,2,0,0
WOMEN,Offences against Public Servants (Sec.182-188-333-353 IPC),11,November,9,134,14,16
WOMEN,Offences related to Marriage,11,November,2,27,3,0
WOMEN,Cyber Crimes,11,November,308,4017,480,316
CHILDREN,"Infanticide/ Foeticide 
(Sec. 315 & 316 IPC)",11,November,0,5,0,0
CHILDREN,Rape on Minor,11,November,0,0,0,0
CHILDREN,Exposure & abandonment (Sec. 317 IPC),11,November,3,59,5,5
CHILDREN,Kidnapping & Abduction of Children,11,November,415,3567,326,353
CHILDREN,For Ransom - of Children,11,November,1,7,0,0
CHILDREN,of Children - for begging,11,November,0,0,1,0
CHILDREN,of Girls - Immoral Purpose,11,November,0,0,0,0
CHILDREN,With intent to Steal from Child,11,November,0,0,0,0
CHILDREN,Lawful Guardianship,11,November,2,4,1,1
CHILDREN,Procuration of Minor Girls - For Prostitution,11,November,0,1,0,0
CHILDREN,Procuration of Minor Girls - Importing of Girl,11,November,0,0,0,0
CHILDREN,Procuration of Minor Girls - For Other Purposes,11,November,2,14,2,3
CHILDREN,Sub Total,11,November,420,3593,330,357
CHILDREN,Selling of girls for Prostitution (Sec.372 IPC),11,November,0,0,0,0
CHILDREN,The Prohibition of Child Marriage Act - 2006,11,November,10,181,11,17
CHILDREN,POCSO Act,11,November,330,4107,319,356
CHILDREN,Death of Children due to miscarriage,11,November,0,15,3,0
CHILDREN,Juvenile Justice Act,11,November,12,131,8,8
CHILDREN,Child Labour (Pro.& Reg.) Act,11,November,8,77,11,4
CHILDREN,Probation of Offenders Act,11,November,0,0,0,0
SCST,Murder,11,November,4,83,5,8
SCST,Rape,11,November,4,106,9,7
SCST,Kidnapping,11,November,11,169,17,14
SCST,Offences under the Protection of Civil Rights Act.,11,November,1,8,1,1
SCST,Offences under the SC & ST  (prevention of Atrocities)Act 1989 (if the victim is SC),11,November,218,2124,157,213
IPC,"Murder (Sec.302/303 IPC/103,104 BNS)",12,December,81,1210,95,99
IPC,ATTEMPT TO MURDER (Sec. 307 IPC/109BNS),12,December,265,3258,219,252
IPC,CULPABLE HOMICIDE NOT AMOUNTING TO MUDER (Sec.304 IPC/105 BNS),12,December,8,124,9,8
IPC,ATTEMPT TO CULPABLE HOMICIDE NOT AMOUNTING TO MURDER (Sec. 308 IPC/110 BNS),12,December,7,68,1,4
IPC,"RAPE (Sec.376, 376(A) to 376 (D) IPC/64 TO 71 BNS)",12,December,41,656,55,45
IPC,Sexual Intercourse by employing deceitful means (Se 69 BNS),12,December,36,249,4,35
IPC,"KIDNAPPING AND ABDUCTION (Sec.360, 361, 363 to 369 IPC/137(1)(A),137(1)(B),137(2),140 TO 142,97 BNS)",12,December,402,4209,307,405
IPC,"DACOITY (Sec. 395 to 398 IPC/310(2),310(4),311,312 BNS)",12,December,19,206,16,21
IPC,"Robbery (Sec.392 to 394 IPC/309(4),309(5),309(6) BNS)",12,December,102,1084,91,108
IPC,"BURGLARY - NIGHT (Sec. 380 IPC R/W 453 TO 460, 462 IPC/305,R/W 331(1) TO 331(8),334(2) BNS)",12,December,345,3905,338,288
IPC,"BURGLARY - DAY (Sec. 380 IPC R/W 453 TO 460, 462 IPC/305,R/W 331(1) TO 331(8), 334(2) BNS)",12,December,105,1101,94,112
IPC,THEFT (Sec.379 to 389 IPC/303(2) TO 308(7) BNS),12,December,1773,20531,1889,1688
IPC,"RIOTS (Sec.141 to 153 IPC/189(1) TO 189(6),191(1)TO 191(3), 190,192,195 BNS))",12,December,283,3391,253,251
IPC,"OFFENCES AGAINST STATE (Sec. 121 to 130, except 124(A) IPC/147 TO 158 BNS)",12,December,0,0,0,0
IPC,"OFFENCES PROMOTING ENEMITY (Sec. 153(A), 154(B) & 505 IPC/196, 197 & 353 BNS",12,December,10,192,10,13
IPC,CRIMINAL BREACH OF TRUST (Sec. 406 to 409 IPC/316(2) to 316(5) BNS),12,December,75,762,56,74
IPC,"CHEATING (Sec.417 to 420 IPC/318(2)to 318(4), 319(2) BNS)",12,December,632,5839,554,479
IPC,"COUNTERFEITING (Sec. 231 to 263 (A), 489(A) to 489 (E) IPC/178 TO 185 BNS)",12,December,3,31,1,1
IPC,"FORGERY (Sec. 465, 468, 471, 473, 476, 477 & 477(A) IPC/336(2),336(3),340(2),341(2),342(2),343,
344 BNS)",12,December,64,616,53,49
IPC,"CASES OF HURT (Sec. 323 to 335 IPC except 328, 332, 333/115(2) TO 122(2) EXCEPT 121(1),121(2) BNS)",12,December,1474,16713,1327,1318
IPC,"ADULTERATION (Sec. 272, 273 to 276 IPC/274,275 TO 278 BNS)",12,December,2,20,0,0
IPC,AFFRAY (Sec. 160 IPC/194(2) BNS),12,December,39,686,35,44
IPC,"ARSON (Sec. 435, 436, 438 IPC/326(f),326(g),327(g) BNS)",12,December,22,194,15,13
IPC,"ASSAULT (Sec 356, 357 IPC/134,135 BNS)",12,December,1,29,0,4
IPC,COMMUNAL / RELIGION (Sec. 295 to 297 IPC/298 TO 301 BNS),12,December,11,260,26,11
IPC,"CRIMINAL CONSPIRACY (Sec. 120(B), 121(A) IPC/61(2),148 BNS)",12,December,0,12,0,0
IPC,CRIMINAL INTIMIDATION (Sec. 504 to 508 IPC/352 TO 354 BNS),12,December,301,3299,227,261
IPC,"CRIMINAL MISAPPROPRIATION (Sec. 403, 404 IPC/314,315 BNS)",12,December,1,21,3,4
IPC,CRIMINAL TRESPASS (Sec.447 to 452 IPC/329(3) TO 333 BNS),12,December,270,2794,213,223
IPC,CRUELTY BY HUSBAND (Sec. 498(A) IPC/85 BNS),12,December,237,2830,207,250
IPC,DOWRY DEATHS (Sec.304(B) IPC/80 BNS),12,December,8,116,6,11
IPC,DEATHS DUE TO RASHNESS/NEGLIGENCE (Sec.304(A) IPC/106 BNS),12,December,28,329,36,29
IPC,MOTOR VEHICLE ACCIDENTS FATAL (Sec.304(A) IPC/106 BNS),12,December,1004,11408,1093,926
IPC,"MOTOR VEHICLE ACCIDENTS NON-FATAL (Sec.279, 337, 338 IPC/281,125(a),125(b) BNS)",12,December,3022,31751,2757,2739
IPC,"DEATHS-MISCARRIAGE (Sec.312, 313, 314 IPC/88,89,90 BNS)",12,December,0,15,1,0
IPC,"DEFENCE FORCES OFFENCES RELATING (also relating to desertion) (Sec.131 to 140, except 136 IPC/159 TO 168 EXCEPT 164 BNS)",12,December,0,0,0,0
IPC,"ESCAPE FROM LAWFUL CUSTODY AND RESISTANCE (Sec.224, 225, 225(B) IPC/262,263,265 BNS)",12,December,2,40,1,5
IPC,"IMPERSONATION (Sec.170, 171 IPC/204,205 BNS)",12,December,2,18,0,1
IPC,"MISCHIEF (Sec.427 to 440 except 434, 435, 436, 438 IPC/324(4) TO 324(6) BNS)",12,December,38,454,33,33
IPC,MOLESTATION (Sec.354 IPC/74 BNS),12,December,521,5840,425,464
IPC,POISONING-PROFESSIONAL (Sec. 328 IPC/123 BNS),12,December,0,14,2,3
IPC,PORNOGRAPHY (Sec.292 to 294 IPC/294 TO 296 BNS),12,December,3,37,0,1
IPC,PUBLIC JUSTICE (Sec.213 to 215 IPC/250 TO 252 BNS),12,December,1,7,0,0
IPC,"PUBLIC NUISANCE (Sec.291 and 510 IPC/293,355 BNS)",12,December,31,408,12,25
IPC,"PUBLIC SAFETY (Sec.269 to 271, 277, 283, 289 IPC/271 to 273, 279,285,291 BNS)",12,December,307,5240,242,376
IPC,"OFFENCES AGAINST PUBLIC SERVANTS (Public servant is a victim) (Sec 182-188, 332, 333, 353 IPC/217-223,121(1),121(2), 132 BNS)",12,December,86,1163,89,85
IPC,"OFFENCES BY PUBLIC SERVANTS (EXCEPT CORRUPTION) (Public servant is accused) (Sec.128, 129, 167, 218, 221, 222 IPC/156,157,201,256,259,260 BNS)",12,December,1,7,0,3
IPC,"NEGLIGENT ACT (Sec.280 to 289, 336 to 338 except 283 IPC/282 to 291,125 to 125(b) except 285 BNS)",12,December,247,3921,310,367
IPC,RECEIVING OF STOLEN PROPERTY (Sec.411 to 414 IPC/317(2) TO 317(5) BNS),12,December,0,2,0,0
IPC,SEDITION (Sec. 124A IPC/IN BNS Deleted),12,December,0,0,0,0
IPC,INSULTING MODESTY OF WOMEN (EVE TEASING) (Sec.509 IPC/79 BNS),12,December,43,403,21,30
IPC,"SUICIDE (Sec.305, 306, 309 IPC/107,108 BNS)",12,December,58,749,64,58
IPC,UNNATURAL SEX (Sec.377 IPC/IN BNS Deleted),12,December,0,0,1,0
IPC,"WRONGFUL RESTRAINT/CONFINEMENT (Sec.341 to 348 IPC/126(2),127(2)-127(8) BNS)",12,December,52,505,41,31
IPC,"INFANTICIDE (Sec.315, 316 IPC/91,92 BNS)",12,December,0,5,0,0
IPC,"OFFENCES RELATED TO MARRIAGE (Sec.493 to 498 IPC/81,84 BNS)",12,December,1,37,5,3
IPC,"BUYING & SELLING MINOR FOR PROSTITUTION (Sec.372, 373 IPC/98,99 BNS)",12,December,0,0,0,0
IPC,DOCUMENTS & PROPERTY MARKS (Sec.483 to 489 IPC/346-350(2) BNS),12,December,0,3,0,1
IPC,DEFAMATION (Sec.500 to 502 IPC/350(2)-356(4) BNS),12,December,0,4,1,0
IPC,ELECTION(Sec.171(E) to 171(1) IPC/173-177 BNS),12,December,0,5,1,0
IPC,"SLAVERY (Sec.370, 371, 374 IPC/143,145,146 BNS)",12,December,1,6,0,1
IPC,Attempting to commit offences (Sec.511 IPC/62 BNS),12,December,18,223,19,21
IPC,ILLEGAL DETENTION (Sec.342 IPC/127(2) BNS),12,December,0,0,0,0
IPC,FALSE EVIDENCE (Sec.191 to 205 IPC/227-242 BNS),12,December,3,13,1,0
IPC,EXPOSURE AND ABANDONMENT OF CHILD (Sec.317 IPC/93 BNS),12,December,6,65,8,3
IPC,OF ABETMENT (Sec.107 to 120 IPC/45-60 BNS),12,December,0,19,0,1
IPC,"FAILURE TO APPEAR TO COURT (Sec.174A, 229A IPC/209,269 BNS)",12,December,39,1370,194,33
IPC,Concealment of birth by secret disposal of Child,12,December,2,47,8,6
IPC,ASSAULT OR USE OF CRIMINAL FORCE TO DISROBE WOMEN,12,December,1,7,3,0
IPC,Disobedience to Order Promulgated by Public/Servant,12,December,2,38,1,3
IPC,Human Trafficking,12,December,1,15,1,0
IPC,Giving false information respecting an offence committed,12,December,1,30,0,2
IPC,Harbouring offender,12,December,0,3,0,0
IPC,Pettry Organised Crimes,12,December,9,158,12,6
IPC,Public Servant in Judicial proceeding,12,December,0,1,0,0
IPC,"The Indian Stamp Act, 1899",12,December,0,0,0,0
SLL,ANTIQUES (CULTURAL PROPERTY),12,December,0,5,5,0
SLL,ARMS ACT 1959,12,December,1,21,1,3
SLL,ARMS ACT 1960,12,December,5,151,7,11
SLL,ARMS ACT 1961,12,December,1,19,0,0
SLL,ARMS ACT 1962,12,December,6,119,3,13
SLL,ARMS ACT 1963,12,December,1,7,0,1
SLL,ARMS ACT 1964,12,December,6,34,1,3
SLL,ARMS ACT 1965,12,December,2,12,1,1
SLL,ARMS ACT 1966,12,December,8,46,3,3
SLL,ANIMAL,12,December,28,420,32,35
SLL,CINEMATOGRAPHY ACT 1952,12,December,0,0,0,0
SLL,CINEMATOGRAPHY ACT 1953,12,December,0,0,0,0
SLL,CONSUMER,12,December,84,869,21,75
SLL,COPY RIGHT ACT 1957,12,December,12,141,9,11
SLL,COPY RIGHT ACT 1958,12,December,6,74,5,9
SLL,CIVIL RIGHTS,12,December,0,6,1,1
SLL,SCHEDULED CASTE AND THE SCHEDULED TRIBES,12,December,245,2411,165,225
SLL,CHILDREN ACT,12,December,37,426,28,30
SLL,PREVENTION OF CORRUPTION ACT 1988,12,December,0,0,0,0
SLL,PREVENTION OF CORRUPTION ACT 1989,12,December,0,1,0,0
SLL,PREVENTION OF CORRUPTION ACT 1990,12,December,0,0,0,0
SLL,PREVENTION OF CORRUPTION ACT 1991,12,December,0,0,0,0
SLL,PREVENTION OF CORRUPTION ACT 1992,12,December,0,1,0,0
SLL,PREVENTION OF CORRUPTION ACT 1993,12,December,0,0,0,0
SLL,PREVENTION OF CORRUPTION ACT 1994,12,December,0,0,0,0
SLL,PREVENTION OF CORRUPTION ACT 1995,12,December,0,0,0,0
SLL,CUSTOMS,12,December,0,0,0,0
SLL,Explosives,12,December,12,141,5,6
SLL,FOREIGN EXCHANGE,12,December,0,0,0,0
SLL,FOREIGNER,12,December,12,116,3,15
SLL,FOREST,12,December,2,12,0,0
SLL,HIJACKING,12,December,0,0,0,0
SLL,IMMORAL TRAFFIC,12,December,18,316,19,26
SLL,BONDED LABOUR SYSTEM,12,December,1,14,0,3
SLL,INDIAN MOTOR VEHICLE,12,December,3,65,1,2
SLL,NARCOTIC DRUGS & PSYCHOTROPIC SUBSTANCES ACT,12,December,906,6825,651,773
SLL,PASSPORT ACT,12,December,0,6,1,1
SLL,REPRESENTATIVE OF PEOPLE ACT 1951 & 1988,12,December,0,0,0,0
SLL,REPRESENTATIVE OF PEOPLE ACT 1951 & 1989,12,December,0,1,0,1
SLL,REPRESENTATIVE OF PEOPLE ACT 1951 & 1990,12,December,1,1,0,0
SLL,KARNATAKA POLICE ACT 1963,12,December,676,6506,1039,595
SLL,KARNATAKA POLICE ACT 1964,12,December,463,7365,487,499
SLL,KARNATAKA POLICE ACT 1965,12,December,23,262,20,17
SLL,KARNATAKA POLICE ACT 1966,12,December,12,601,16,5
SLL,KARNATAKA POLICE ACT 1967,12,December,47,523,22,51
SLL,PREVENTION OF DAMAGE TO PUBLIC PROPERTY ACT 1984,12,December,14,130,9,3
SLL,"POST & TELEGRAPH, TELEGRAPH WIRES (UNLAWFUL POSSESSION) ACT 1980",12,December,0,1,0,1
SLL,OFFICIAL SECURITY RELATED ACTS,12,December,0,2,0,1
SLL,PREVENTION OF TERRORISM ACT (POTA),12,December,0,0,0,0
SLL,RAILWAYS ACT,12,December,2,6,0,2
SLL,UNLAWFUL ACTIVITIES (Prevention) Act 1967,12,December,0,1,0,0
SLL,CRIMES RELATED TO WOMEN,12,December,162,2029,159,173
SLL,INDIAN LUNACY ACT,12,December,0,0,0,0
SLL,INDIAN ELECTRICITY ACT,12,December,0,12,1,1
SLL,"COTPA, CIGARETTES AND OTHER TOBACCO PRODUCTS",12,December,212,3178,208,112
SLL,KARNATAKA STATE LOCAL ACTS,12,December,1005,12044,1599,961
SLL,CYBER CRIME (INFORMATION TECHNOLOGY ACT),12,December,1286,14885,1525,1186
SLL,NATIONAL SECURITY ACT,12,December,0,0,0,0
SLL,POCSO,12,December,388,4555,346,371
SLL,Aadhar Act,12,December,0,1,0,0
WOMEN,Rape (Sec. 376 IPC),12,December,41,656,55,45
WOMEN,Outraging modesty (Molestation) (sec.354 IPC),12,December,521,5840,425,464
WOMEN,Kidnapping & Abduction of Women: (Sec.366 IPC),12,December,11,124,7,10
WOMEN,Insulting modesty (Eve-Teasing) (Sec.294 & 509 IPC if victim is a woman),12,December,43,403,21,30
WOMEN,Murder for Dowry - by burning (Sec.302 IPC),12,December,0,1,0,0
WOMEN,"Murder for Dowry - by other means
(Sec.302 IPC)",12,December,3,7,0,0
WOMEN,Murder for other reasons,12,December,25,372,32,28
WOMEN,Attempt to Commit Murder for dowry by burning (Sec.307 IPC),12,December,0,2,0,0
WOMEN,Attempt to Commit Murder for dowry by other means (Sec.307 IPC),12,December,2,20,1,3
WOMEN,Attempt to Commit murder for other reasons,12,December,80,978,50,80
WOMEN,"Dowry Death-by burning
(Sec.304-B IPC)",12,December,0,1,0,0
WOMEN,Dowry Death-by other Means (Sec.304(B) IPC),12,December,8,115,6,11
WOMEN,Cruelty by Husband or Relatives of Husband (Sec.498-A IPC),12,December,237,2830,207,250
WOMEN,Abetment of Suicide (Sec.306 IPC),12,December,15,181,10,16
WOMEN,Immoral Traffic (prevention) Act.,12,December,18,316,19,26
WOMEN,Indecent Representation of Women(Prohibition) Act-1986,12,December,0,1,0,0
WOMEN,Pornography,12,December,2,4,0,0
WOMEN,Offences against Public Servants (Sec.182-188-333-353 IPC),12,December,12,146,8,9
WOMEN,Offences related to Marriage,12,December,1,28,4,2
WOMEN,Cyber Crimes,12,December,322,4345,531,310
CHILDREN,"Infanticide/ Foeticide 
(Sec. 315 & 316 IPC)",12,December,0,5,0,0
CHILDREN,Rape on Minor,12,December,0,0,0,0
CHILDREN,Exposure & abandonment (Sec. 317 IPC),12,December,6,65,8,3
CHILDREN,Kidnapping & Abduction of Children,12,December,380,3886,283,372
CHILDREN,For Ransom - of Children,12,December,1,8,1,1
CHILDREN,of Children - for begging,12,December,0,0,0,0
CHILDREN,of Girls - Immoral Purpose,12,December,0,0,0,0
CHILDREN,With intent to Steal from Child,12,December,0,0,0,0
CHILDREN,Lawful Guardianship,12,December,0,4,0,2
CHILDREN,Procuration of Minor Girls - For Prostitution,12,December,0,1,0,1
CHILDREN,Procuration of Minor Girls - Importing of Girl,12,December,0,0,0,0
CHILDREN,Procuration of Minor Girls - For Other Purposes,12,December,1,15,1,2
CHILDREN,Sub Total,12,December,382,3914,285,378
CHILDREN,Selling of girls for Prostitution (Sec.372 IPC),12,December,0,0,0,0
CHILDREN,The Prohibition of Child Marriage Act - 2006,12,December,17,197,10,10
CHILDREN,POCSO Act,12,December,388,4555,346,371
CHILDREN,Death of Children due to miscarriage,12,December,0,15,1,0
CHILDREN,Juvenile Justice Act,12,December,19,151,15,12
CHILDREN,Child Labour (Pro.& Reg.) Act,12,December,1,78,3,8
CHILDREN,Probation of Offenders Act,12,December,0,0,0,0
SCST,Murder,12,December,8,94,11,7
SCST,Rape,12,December,5,113,11,4
SCST,Kidnapping,12,December,9,182,14,15
SCST,Offences under the Protection of Civil Rights Act.,12,December,1,9,0,1
SCST,Offences under the SC & ST  (prevention of Atrocities)Act 1989 (if the victim is SC),12,December,222,2013,129,198
